Timestamp,Size,Source IP,Destination IP,Source Port,Destination Port
1739466898.057341,56,10.9.27.46,224.0.0.22,Unknown,Unknown
1739466898.057551,342,10.9.22.48,255.255.255.255,68,67
1739466898.671771,56,10.9.22.222,224.0.0.22,Unknown,Unknown
1739466898.97973,342,0.0.0.0,255.255.255.255,68,67
1739466899.289996,698,10.9.29.169,239.255.255.250,61490,3702
1739466899.289997,76,10.9.13.32,224.0.0.251,50914,5353
1739466899.289997,76,10.9.13.32,224.0.0.251,50914,5353
1739466899.491643,56,10.9.22.56,224.0.0.22,Unknown,Unknown
1739466899.799309,201,10.9.22.29,224.0.0.251,5353,5353
1739466900.003808,201,10.9.22.29,224.0.0.251,5353,5353
1739466900.105311,56,10.9.21.56,224.0.0.22,Unknown,Unknown
1739466900.314358,254,10.9.22.29,224.0.0.251,5353,5353
1739466900.314358,76,10.9.13.32,224.0.0.251,50914,5353
1739466900.314358,76,10.9.13.32,224.0.0.251,50914,5353
1739466900.412858,268,10.9.22.29,224.0.0.251,5353,5353
1739466900.412858,102,10.9.13.32,224.0.0.251,50914,5353
1739466900.413436,102,10.9.13.32,224.0.0.251,50914,5353
1739466900.414508,56,10.9.21.74,224.0.0.251,Unknown,Unknown
1739466900.418117,106,10.9.21.209,172.16.0.232,48447,53
1739466900.418221,106,10.9.21.209,172.16.0.232,44354,53
1739466900.422469,266,172.16.0.232,10.9.21.209,53,48447
1739466900.474458,278,172.16.0.232,10.9.21.209,53,44354
1739466900.515465,117,10.9.23.209,224.0.0.251,5353,5353
1739466900.516169,373,10.9.22.27,224.0.0.251,5353,5353
1739466900.516842,397,10.9.22.29,224.0.0.251,5353,5353
1739466900.617674,56,10.9.23.88,224.0.0.22,Unknown,Unknown
1739466900.618602,56,10.9.21.101,224.0.0.22,Unknown,Unknown
1739466900.632577,464,10.9.20.88,224.0.0.251,5353,5353
1739466900.719687,56,10.9.26.207,224.0.0.251,Unknown,Unknown
1739466900.751309,95,10.9.21.209,172.16.0.232,51751,53
1739466900.751367,95,10.9.21.209,172.16.0.232,41734,53
1739466900.806058,221,172.16.0.232,10.9.21.209,53,41734
1739466900.806059,209,172.16.0.232,10.9.21.209,53,51751
1739466900.806408,74,10.9.21.209,34.107.221.82,57408,80
1739466900.808659,86,10.9.21.209,172.16.0.232,58751,53
1739466900.808696,86,10.9.21.209,172.16.0.232,38924,53
1739466900.812608,282,172.16.0.232,10.9.21.209,53,38924
1739466900.812795,107,10.9.21.209,172.16.0.232,47976,53
1739466900.8131,171,172.16.0.232,10.9.21.209,53,58751
1739466900.815975,203,172.16.0.232,10.9.21.209,53,47976
1739466900.816891,1294,10.9.21.209,34.117.188.166,48415,443
1739466900.822465,56,10.9.19.146,224.0.0.22,Unknown,Unknown
1739466900.851911,108,10.9.21.209,172.16.0.232,57233,53
1739466900.85196,108,10.9.21.209,172.16.0.232,52612,53
1739466900.852604,74,10.9.21.209,34.160.144.191,58022,443
1739466900.855766,266,172.16.0.232,10.9.21.209,53,52612
1739466900.855766,186,172.16.0.232,10.9.21.209,53,57233
1739466900.855914,119,10.9.21.209,172.16.0.232,60400,53
1739466900.860849,215,172.16.0.232,10.9.21.209,53,60400
1739466900.860849,74,34.107.221.82,10.9.21.209,80,57408
1739466900.860901,66,10.9.21.209,34.107.221.82,57408,80
1739466900.861343,367,10.9.21.209,34.107.221.82,57408,80
1739466900.861812,74,10.9.21.209,34.149.100.209,41922,443
1739466900.891744,1294,34.117.188.166,10.9.21.209,443,48415
1739466900.891744,1294,34.117.188.166,10.9.21.209,443,48415
1739466900.891744,1294,34.117.188.166,10.9.21.209,443,48415
1739466900.892348,84,10.9.21.209,34.117.188.166,48415,443
1739466900.906385,74,34.160.144.191,10.9.21.209,443,58022
1739466900.906458,66,10.9.21.209,34.160.144.191,58022,443
1739466900.906653,286,10.9.21.209,34.160.144.191,58022,443
1739466900.911795,74,10.9.21.209,34.117.188.166,60598,443
1739466900.914936,66,34.107.221.82,10.9.21.209,80,57408
1739466900.914936,74,34.149.100.209,10.9.21.209,443,41922
1739466900.914967,54,10.9.21.209,34.149.100.209,41922,443
1739466900.916345,364,34.107.221.82,10.9.21.209,80,57408
1739466900.916355,66,10.9.21.209,34.107.221.82,57408,80
1739466900.924811,100,10.9.19.146,224.0.0.251,5353,5353
1739466900.931338,82,10.9.21.209,172.16.0.232,56553,53
1739466900.931595,74,10.9.21.209,34.107.221.82,57420,80
1739466900.93505,146,172.16.0.232,10.9.21.209,53,56553
1739466900.935521,82,10.9.21.209,172.16.0.232,47282,53
1739466900.937067,89,10.9.21.209,172.16.0.232,60973,53
1739466900.937146,84,10.9.21.209,172.16.0.232,47258,53
1739466900.937473,131,10.9.21.209,172.16.0.232,60120,53
1739466900.939435,194,172.16.0.232,10.9.21.209,53,47282
1739466900.939515,74,10.9.21.209,34.107.152.202,43290,443
1739466900.945468,1143,34.117.188.166,10.9.21.209,443,48415
1739466900.947233,85,10.9.21.209,34.117.188.166,48415,443
1739466900.951017,86,10.9.21.209,172.16.0.232,49859,53
1739466900.95107,86,10.9.21.209,172.16.0.232,36052,53
1739466900.951115,86,10.9.21.209,172.16.0.232,45674,53
1739466900.9512,86,10.9.21.209,172.16.0.232,37489,53
1739466900.951234,86,10.9.21.209,172.16.0.232,45240,53
1739466900.951272,86,10.9.21.209,172.16.0.232,55010,53
1739466900.951332,98,10.9.21.209,172.16.0.232,56840,53
1739466900.951437,98,10.9.21.209,172.16.0.232,46450,53
1739466900.951485,92,10.9.21.209,172.16.0.232,35511,53
1739466900.95152,92,10.9.21.209,172.16.0.232,49650,53
1739466900.95156,92,10.9.21.209,172.16.0.232,53487,53
1739466900.951599,81,10.9.21.209,172.16.0.232,57322,53
1739466900.951628,81,10.9.21.209,172.16.0.232,41887,53
1739466900.951672,81,10.9.21.209,172.16.0.232,39626,53
1739466900.951714,88,10.9.21.209,172.16.0.232,57684,53
1739466900.95175,88,10.9.21.209,172.16.0.232,55567,53
1739466900.95178,88,10.9.21.209,172.16.0.232,47270,53
1739466900.951812,88,10.9.21.209,172.16.0.232,50329,53
1739466900.951849,88,10.9.21.209,172.16.0.232,41699,53
1739466900.951878,88,10.9.21.209,172.16.0.232,48294,53
1739466900.951908,88,10.9.21.209,172.16.0.232,47993,53
1739466900.95194,88,10.9.21.209,172.16.0.232,52931,53
1739466900.951971,88,10.9.21.209,172.16.0.232,37852,53
1739466900.954495,235,172.16.0.232,10.9.21.209,53,45674
1739466900.954495,235,172.16.0.232,10.9.21.209,53,36052
1739466900.955774,161,172.16.0.232,10.9.21.209,53,55010
1739466900.955774,175,172.16.0.232,10.9.21.209,53,48294
1739466900.957945,155,172.16.0.232,10.9.21.209,53,41887
1739466900.957945,136,172.16.0.232,10.9.21.209,53,57684
1739466900.957945,102,172.16.0.232,10.9.21.209,53,45240
1739466900.957945,114,172.16.0.232,10.9.21.209,53,56840
1739466900.957945,148,172.16.0.232,10.9.21.209,53,37852
1739466900.957945,97,172.16.0.232,10.9.21.209,53,57322
1739466900.957945,152,172.16.0.232,10.9.21.209,53,41699
1739466900.957945,172,172.16.0.232,10.9.21.209,53,55567
1739466900.959044,74,10.9.21.209,216.58.204.131,38326,80
1739466900.960492,66,34.160.144.191,10.9.21.209,443,58022
1739466900.962866,2802,34.160.144.191,10.9.21.209,443,58022
1739466900.962895,66,10.9.21.209,34.160.144.191,58022,443
1739466900.962866,338,34.160.144.191,10.9.21.209,443,58022
1739466900.962907,66,10.9.21.209,34.160.144.191,58022,443
1739466900.963701,159,10.9.21.209,34.160.144.191,58022,443
1739466900.96503,74,34.117.188.166,10.9.21.209,443,60598
1739466900.965056,66,10.9.21.209,34.117.188.166,60598,443
1739466900.965478,1966,10.9.21.209,34.117.188.166,60598,443
1739466900.968137,86,10.9.21.209,172.16.0.232,59712,53
1739466900.968178,86,10.9.21.209,172.16.0.232,36589,53
1739466900.97171,172,172.16.0.232,10.9.21.209,53,59712
1739466900.987048,74,34.107.221.82,10.9.21.209,80,57420
1739466900.987076,66,10.9.21.209,34.107.221.82,57420,80
1739466900.987152,384,10.9.21.209,34.107.221.82,57420,80
1739466900.99173,84,172.16.0.232,10.9.21.209,53,47258
1739466900.992662,131,172.16.0.232,10.9.21.209,53,60120
1739466900.992662,74,34.107.152.202,10.9.21.209,443,43290
1739466900.992671,54,10.9.21.209,34.107.152.202,43290,443
1739466900.993482,74,10.9.21.209,34.107.152.202,43292,443
1739466900.993553,74,10.9.21.209,34.107.152.202,43302,443
1739466901.00605,123,172.16.0.232,10.9.21.209,53,49859
1739466901.006204,94,10.9.21.209,172.16.0.232,56884,53
1739466901.006637,98,172.16.0.232,10.9.21.209,53,46450
1739466901.007066,162,172.16.0.232,10.9.21.209,53,53487
1739466901.007066,88,172.16.0.232,10.9.21.209,53,47270
1739466901.007121,127,10.9.21.209,172.16.0.232,39305,53
1739466901.00739,88,172.16.0.232,10.9.21.209,53,50329
1739466901.008254,120,172.16.0.232,10.9.21.209,53,47993
1739466901.008299,89,10.9.21.209,172.16.0.232,60580,53
1739466901.012277,74,216.58.204.131,10.9.21.209,80,38326
1739466901.012304,66,10.9.21.209,216.58.204.131,38326,80
1739466901.012407,507,10.9.21.209,216.58.204.131,38326,80
1739466901.017753,377,34.160.144.191,10.9.21.209,443,58022
1739466901.017753,135,34.160.144.191,10.9.21.209,443,58022
1739466901.019429,66,34.117.188.166,10.9.21.209,443,60598
1739466901.019429,66,34.117.188.166,10.9.21.209,443,60598
1739466901.020093,332,172.16.0.232,10.9.21.209,53,35511
1739466901.040928,66,34.107.221.82,10.9.21.209,80,57420
1739466901.041226,2114,34.117.188.166,10.9.21.209,443,60598
1739466901.041235,66,10.9.21.209,34.117.188.166,60598,443
1739466901.041833,2114,34.117.188.166,10.9.21.209,443,60598
1739466901.041837,66,10.9.21.209,34.117.188.166,60598,443
1739466901.041833,465,34.117.188.166,10.9.21.209,443,60598
1739466901.041861,66,10.9.21.209,34.117.188.166,60598,443
1739466901.042898,89,172.16.0.232,10.9.21.209,53,60973
1739466901.04296,89,10.9.21.209,172.16.0.232,60973,53
1739466901.044623,281,34.107.221.82,10.9.21.209,80,57420
1739466901.044648,66,10.9.21.209,34.107.221.82,57420,80
1739466901.046508,89,172.16.0.232,10.9.21.209,53,60973
1739466901.046545,78,10.9.21.209,172.16.0.232,60973,53
1739466901.046721,74,34.107.152.202,10.9.21.209,443,43292
1739466901.046734,66,10.9.21.209,34.107.152.202,43292,443
1739466901.047022,1995,10.9.21.209,34.107.152.202,43292,443
1739466901.047887,74,34.107.152.202,10.9.21.209,443,43302
1739466901.047894,66,10.9.21.209,34.107.152.202,43302,443
1739466901.048126,1995,10.9.21.209,34.107.152.202,43302,443
1739466901.048943,184,172.16.0.232,10.9.21.209,53,36589
1739466901.049191,74,10.9.21.209,128.139.199.8,37028,80
1739466901.049688,78,172.16.0.232,10.9.21.209,53,60973
1739466901.049787,89,10.9.21.209,172.16.0.231,41056,53
1739466901.051718,74,10.9.21.209,216.58.204.131,38330,80
1739466901.054163,74,128.139.199.8,10.9.21.209,80,37028
1739466901.054192,66,10.9.21.209,128.139.199.8,37028,80
1739466901.054279,505,10.9.21.209,128.139.199.8,37028,80
1739466901.059515,66,128.139.199.8,10.9.21.209,80,37028
1739466901.06018,94,172.16.0.232,10.9.21.209,53,56884
1739466901.06018,955,128.139.199.8,10.9.21.209,80,37028
1739466901.060196,66,10.9.21.209,128.139.199.8,37028,80
1739466901.060776,66,10.9.21.209,34.160.144.191,58022,443
1739466901.060932,127,172.16.0.232,10.9.21.209,53,39305
1739466901.061212,165,10.9.21.209,34.160.144.191,58022,443
1739466901.06126,104,10.9.21.209,34.160.144.191,58022,443
1739466901.062555,89,172.16.0.232,10.9.21.209,53,60580
1739466901.066365,66,216.58.204.131,10.9.21.209,80,38326
1739466901.066366,86,172.16.0.232,10.9.21.209,53,37489
1739466901.066366,81,172.16.0.232,10.9.21.209,53,39626
1739466901.074121,96,10.9.21.209,172.16.0.231,39920,53
1739466901.074178,96,10.9.21.209,172.16.0.231,34315,53
1739466901.076349,344,172.16.0.232,10.9.21.209,53,49650
1739466901.10097,66,34.107.152.202,10.9.21.209,443,43292
1739466901.10097,66,34.107.152.202,10.9.21.209,443,43292
1739466901.100971,66,34.107.152.202,10.9.21.209,443,43302
1739466901.101083,66,34.107.152.202,10.9.21.209,443,43302
1739466901.103047,2802,34.107.152.202,10.9.21.209,443,43292
1739466901.103055,66,10.9.21.209,34.107.152.202,43292,443
1739466901.103047,430,34.107.152.202,10.9.21.209,443,43292
1739466901.103073,66,10.9.21.209,34.107.152.202,43292,443
1739466901.103669,136,172.16.0.232,10.9.21.209,53,52931
1739466901.104021,2114,34.107.152.202,10.9.21.209,443,43302
1739466901.104026,66,10.9.21.209,34.107.152.202,43302,443
1739466901.104021,1118,34.107.152.202,10.9.21.209,443,43302
1739466901.104039,66,10.9.21.209,34.107.152.202,43302,443
1739466901.104021,74,216.58.204.131,10.9.21.209,80,38330
1739466901.104045,66,10.9.21.209,216.58.204.131,38330,80
1739466901.10446,505,10.9.21.209,128.139.199.8,37028,80
1739466901.104512,507,10.9.21.209,216.58.204.131,38330,80
1739466901.104741,74,10.9.21.209,128.139.199.8,37032,80
1739466901.109349,66,128.139.199.8,10.9.21.209,80,37028
1739466901.109349,74,128.139.199.8,10.9.21.209,80,37032
1739466901.109377,66,10.9.21.209,128.139.199.8,37032,80
1739466901.109464,505,10.9.21.209,128.139.199.8,37032,80
1739466901.110276,955,128.139.199.8,10.9.21.209,80,37028
1739466901.11028,66,10.9.21.209,128.139.199.8,37028,80
1739466901.110968,130,10.9.21.209,34.107.152.202,43292,443
1739466901.111104,158,10.9.21.209,34.107.152.202,43292,443
1739466901.114049,104,34.160.144.191,10.9.21.209,443,58022
1739466901.114064,66,10.9.21.209,34.160.144.191,58022,443
1739466901.114049,66,34.160.144.191,10.9.21.209,443,58022
1739466901.114923,66,128.139.199.8,10.9.21.209,80,37032
1739466901.115552,955,128.139.199.8,10.9.21.209,80,37032
1739466901.115558,66,10.9.21.209,128.139.199.8,37032,80
1739466901.115801,1168,216.58.204.131,10.9.21.209,80,38326
1739466901.115808,66,10.9.21.209,216.58.204.131,38326,80
1739466901.116146,130,10.9.21.209,34.107.152.202,43302,443
1739466901.116304,175,10.9.21.209,34.107.152.202,43302,443
1739466901.117846,183,10.9.21.209,34.117.188.166,48415,443
1739466901.117864,107,10.9.21.209,34.117.188.166,48415,443
1739466901.117945,129,10.9.21.209,34.117.188.166,48415,443
1739466901.118496,66,34.160.144.191,10.9.21.209,443,58022
1739466901.123337,101,10.9.21.209,172.16.0.231,47162,53
1739466901.123378,101,10.9.21.209,172.16.0.231,43773,53
1739466901.133697,56,10.9.29.190,224.0.0.251,Unknown,Unknown
1739466901.134941,74,10.9.21.209,34.149.100.209,41938,443
1739466901.138634,112,172.16.0.231,10.9.21.209,53,39920
1739466901.138634,180,172.16.0.231,10.9.21.209,53,34315
1739466901.140365,74,10.9.21.209,34.107.243.93,50820,443
1739466901.155821,89,172.16.0.231,10.9.21.209,53,41056
1739466901.156563,89,10.9.21.209,172.16.0.231,41056,53
1739466901.157872,66,216.58.204.131,10.9.21.209,80,38330
1739466901.159951,89,172.16.0.231,10.9.21.209,53,41056
1739466901.159983,78,10.9.21.209,172.16.0.231,41056,53
1739466901.163524,78,172.16.0.231,10.9.21.209,53,41056
1739466901.164178,89,10.9.21.209,172.16.0.231,40251,53
1739466901.164244,652,34.107.152.202,10.9.21.209,443,43292
1739466901.164244,97,34.107.152.202,10.9.21.209,443,43292
1739466901.16462,97,10.9.21.209,34.107.152.202,43292,443
1739466901.16789,89,172.16.0.231,10.9.21.209,53,40251
1739466901.167969,89,10.9.21.209,172.16.0.231,40251,53
1739466901.169604,684,34.107.152.202,10.9.21.209,443,43302
1739466901.169604,97,34.107.152.202,10.9.21.209,443,43302
1739466901.16987,66,10.9.21.209,34.107.152.202,43302,443
1739466901.169897,90,10.9.21.209,34.107.152.202,43302,443
1739466901.169904,66,10.9.21.209,34.107.152.202,43302,443
1739466901.170764,614,34.117.188.166,10.9.21.209,443,48415
1739466901.170764,182,34.117.188.166,10.9.21.209,443,48415
1739466901.170764,68,34.117.188.166,10.9.21.209,443,48415
1739466901.170821,129,10.9.21.209,34.117.188.166,48415,443
1739466901.171445,89,172.16.0.231,10.9.21.209,53,40251
1739466901.171465,78,10.9.21.209,172.16.0.231,40251,53
1739466901.17511,78,172.16.0.231,10.9.21.209,53,40251
1739466901.175172,89,10.9.21.209,172.16.0.232,36988,53
1739466901.178849,176,172.16.0.231,10.9.21.209,53,47162
1739466901.178849,89,172.16.0.232,10.9.21.209,53,36988
1739466901.178931,89,10.9.21.209,172.16.0.232,36988,53
1739466901.18223,89,172.16.0.232,10.9.21.209,53,36988
1739466901.182266,78,10.9.21.209,172.16.0.232,36988,53
1739466901.185504,78,172.16.0.232,10.9.21.209,53,36988
1739466901.188025,74,34.149.100.209,10.9.21.209,443,41938
1739466901.188034,54,10.9.21.209,34.149.100.209,41938,443
1739466901.199698,74,34.107.243.93,10.9.21.209,443,50820
1739466901.19972,66,10.9.21.209,34.107.243.93,50820,443
1739466901.200025,1976,10.9.21.209,34.107.243.93,50820,443
1739466901.207725,1168,216.58.204.131,10.9.21.209,80,38330
1739466901.20774,66,10.9.21.209,216.58.204.131,38330,80
1739466901.217254,130,10.9.21.209,34.117.188.166,60598,443
1739466901.21741,158,10.9.21.209,34.117.188.166,60598,443
1739466901.217472,276,10.9.21.209,34.117.188.166,60598,443
1739466901.217484,301,10.9.21.209,34.117.188.166,60598,443
1739466901.223164,66,34.107.152.202,10.9.21.209,443,43292
1739466901.223164,66,34.107.152.202,10.9.21.209,443,43302
1739466901.223183,66,10.9.21.209,34.107.152.202,43302,443
1739466901.223164,66,34.107.152.202,10.9.21.209,443,43302
1739466901.223634,66,34.107.152.202,10.9.21.209,443,43302
1739466901.224243,84,34.117.188.166,10.9.21.209,443,48415
1739466901.224328,129,10.9.21.209,34.117.188.166,48415,443
1739466901.231044,245,172.16.0.231,10.9.21.209,53,43773
1739466901.23121,116,10.9.21.209,172.16.0.232,46457,53
1739466901.23193,397,10.9.22.29,224.0.0.251,5353,5353
1739466901.234524,201,172.16.0.232,10.9.21.209,53,46457
1739466901.234764,74,10.9.21.209,34.120.208.123,39176,443
1739466901.254512,66,34.107.243.93,10.9.21.209,443,50820
1739466901.254512,66,34.107.243.93,10.9.21.209,443,50820
1739466901.257619,84,10.9.21.209,172.16.0.232,58381,53
1739466901.257665,84,10.9.21.209,172.16.0.232,36139,53
1739466901.257708,2114,34.107.243.93,10.9.21.209,443,50820
1739466901.257711,384,10.9.21.209,34.107.221.82,57420,80
1739466901.257708,1080,34.107.243.93,10.9.21.209,443,50820
1739466901.257722,66,10.9.21.209,34.107.243.93,50820,443
1739466901.257726,66,10.9.21.209,34.107.243.93,50820,443
1739466901.259002,505,10.9.21.209,128.139.199.8,37028,80
1739466901.261497,116,172.16.0.232,10.9.21.209,53,58381
1739466901.263084,66,128.139.199.8,10.9.21.209,80,37028
1739466901.264431,955,128.139.199.8,10.9.21.209,80,37028
1739466901.264436,66,10.9.21.209,128.139.199.8,37028,80
1739466901.265061,130,10.9.21.209,34.107.243.93,50820,443
1739466901.2652,158,10.9.21.209,34.107.243.93,50820,443
1739466901.270236,684,34.117.188.166,10.9.21.209,443,60598
1739466901.270254,66,10.9.21.209,34.117.188.166,60598,443
1739466901.270519,97,10.9.21.209,34.117.188.166,60598,443
1739466901.271404,66,34.117.188.166,10.9.21.209,443,60598
1739466901.271404,97,34.117.188.166,10.9.21.209,443,60598
1739466901.27755,84,34.117.188.166,10.9.21.209,443,48415
1739466901.277654,129,10.9.21.209,34.117.188.166,48415,443
1739466901.288354,74,34.120.208.123,10.9.21.209,443,39176
1739466901.288379,66,10.9.21.209,34.120.208.123,39176,443
1739466901.28862,1981,10.9.21.209,34.120.208.123,39176,443
1739466901.312642,84,172.16.0.232,10.9.21.209,53,36139
1739466901.312642,281,34.107.221.82,10.9.21.209,80,57420
1739466901.312671,66,10.9.21.209,34.107.221.82,57420,80
1739466901.312771,66,10.9.21.209,34.117.188.166,60598,443
1739466901.319126,684,34.107.243.93,10.9.21.209,443,50820
1739466901.319127,97,34.107.243.93,10.9.21.209,443,50820
1739466901.319357,97,10.9.21.209,34.107.243.93,50820,443
1739466901.319656,74,10.9.21.209,34.107.243.93,50828,443
1739466901.328598,66,34.117.188.166,10.9.21.209,443,60598
1739466901.338189,698,10.9.29.169,239.255.255.250,61490,3702
1739466901.343748,66,34.120.208.123,10.9.21.209,443,39176
1739466901.343748,66,34.120.208.123,10.9.21.209,443,39176
1739466901.347298,2114,34.120.208.123,10.9.21.209,443,39176
1739466901.347304,66,10.9.21.209,34.120.208.123,39176,443
1739466901.347298,1528,34.120.208.123,10.9.21.209,443,39176
1739466901.347315,66,10.9.21.209,34.120.208.123,39176,443
1739466901.348526,88,10.9.21.209,172.16.0.232,43949,53
1739466901.348565,88,10.9.21.209,172.16.0.232,55364,53
1739466901.373623,74,34.107.243.93,10.9.21.209,443,50828
1739466901.373643,66,10.9.21.209,34.107.243.93,50828,443
1739466901.373954,1316,10.9.21.209,34.107.243.93,50828,443
1739466901.376802,66,34.107.243.93,10.9.21.209,443,50820
1739466901.41483,224,172.16.0.232,10.9.21.209,53,43949
1739466901.427836,66,34.107.243.93,10.9.21.209,443,50828
1739466901.428641,196,34.117.188.166,10.9.21.209,443,60598
1739466901.428648,66,10.9.21.209,34.117.188.166,60598,443
1739466901.428641,156,34.117.188.166,10.9.21.209,443,60598
1739466901.428659,66,10.9.21.209,34.117.188.166,60598,443
1739466901.428641,105,34.117.188.166,10.9.21.209,443,60598
1739466901.428662,66,10.9.21.209,34.117.188.166,60598,443
1739466901.428863,105,10.9.21.209,34.117.188.166,60598,443
1739466901.447546,2802,34.107.243.93,10.9.21.209,443,50828
1739466901.447562,66,10.9.21.209,34.107.243.93,50828,443
1739466901.447546,398,34.107.243.93,10.9.21.209,443,50828
1739466901.447608,66,10.9.21.209,34.107.243.93,50828,443
1739466901.448646,130,10.9.21.209,34.107.243.93,50828,443
1739466901.448922,696,10.9.21.209,34.107.243.93,50828,443
1739466901.45137,284,172.16.0.232,10.9.21.209,53,55364
1739466901.451535,94,10.9.21.209,172.16.0.232,53943,53
1739466901.45509,170,172.16.0.232,10.9.21.209,53,53943
1739466901.455492,74,10.9.21.209,23.40.158.218,50602,80
1739466901.48271,66,34.117.188.166,10.9.21.209,443,60598
1739466901.502373,66,34.107.243.93,10.9.21.209,443,50828
1739466901.508451,74,23.40.158.218,10.9.21.209,80,50602
1739466901.508472,66,10.9.21.209,23.40.158.218,50602,80
1739466901.508579,505,10.9.21.209,23.40.158.218,50602,80
1739466901.53884,56,10.9.21.56,224.0.0.22,Unknown,Unknown
1739466901.562614,66,23.40.158.218,10.9.21.209,80,50602
1739466901.563612,939,23.40.158.218,10.9.21.209,80,50602
1739466901.56362,66,10.9.21.209,23.40.158.218,50602,80
1739466901.564438,130,10.9.21.209,34.120.208.123,39176,443
1739466901.56462,158,10.9.21.209,34.120.208.123,39176,443
1739466901.564632,482,10.9.21.209,34.120.208.123,39176,443
1739466901.564638,1808,10.9.21.209,34.120.208.123,39176,443
1739466901.617756,684,34.120.208.123,10.9.21.209,443,39176
1739466901.617797,66,10.9.21.209,34.120.208.123,39176,443
1739466901.618264,97,10.9.21.209,34.120.208.123,39176,443
1739466901.61849,78,34.120.208.123,10.9.21.209,443,39176
1739466901.618491,66,34.120.208.123,10.9.21.209,443,39176
1739466901.618491,97,34.120.208.123,10.9.21.209,443,39176
1739466901.653815,864,34.107.243.93,10.9.21.209,443,50828
1739466901.655576,205,10.9.21.209,34.107.243.93,50828,443
1739466901.661704,66,10.9.21.209,34.120.208.123,39176,443
1739466901.67736,66,34.120.208.123,10.9.21.209,443,39176
1739466901.713117,66,34.107.243.93,10.9.21.209,443,50828
1739466901.743691,56,10.9.26.162,224.0.0.251,Unknown,Unknown
1739466901.832106,515,34.120.208.123,10.9.21.209,443,39176
1739466901.832134,66,10.9.21.209,34.120.208.123,39176,443
1739466901.832107,255,34.120.208.123,10.9.21.209,443,39176
1739466901.832188,66,10.9.21.209,34.120.208.123,39176,443
1739466901.832107,105,34.120.208.123,10.9.21.209,443,39176
1739466901.832198,66,10.9.21.209,34.120.208.123,39176,443
1739466901.832813,105,10.9.21.209,34.120.208.123,39176,443
1739466901.835691,190,10.9.21.209,34.120.208.123,39176,443
1739466901.835749,1208,10.9.21.209,34.120.208.123,39176,443
1739466901.846408,176,10.9.26.162,224.0.0.251,5353,5353
1739466901.857826,203,34.107.243.93,10.9.21.209,443,50828
1739466901.886669,66,34.120.208.123,10.9.21.209,443,39176
1739466901.888821,66,34.120.208.123,10.9.21.209,443,39176
1739466901.888821,66,34.120.208.123,10.9.21.209,443,39176
1739466901.903183,66,10.9.21.209,34.107.243.93,50828,443
1739466901.94868,321,10.9.19.146,224.0.0.251,5353,5353
1739466901.94868,102,10.9.13.32,224.0.0.251,50914,5353
1739466901.9494,102,10.9.13.32,224.0.0.251,50914,5353
1739466901.95656,117,10.9.23.209,224.0.0.251,5353,5353
1739466902.051761,56,10.9.25.64,224.0.0.251,Unknown,Unknown
1739466902.099295,464,10.9.20.88,224.0.0.251,5353,5353
1739466902.121249,134,34.120.208.123,10.9.21.209,443,39176
1739466902.121249,227,34.120.208.123,10.9.21.209,443,39176
1739466902.121249,105,34.120.208.123,10.9.21.209,443,39176
1739466902.121499,66,10.9.21.209,34.120.208.123,39176,443
1739466902.121536,105,10.9.21.209,34.120.208.123,39176,443
1739466902.124144,219,10.9.21.209,34.120.208.123,39176,443
1739466902.124157,1503,10.9.21.209,34.120.208.123,39176,443
1739466902.12419,2802,10.9.21.209,34.120.208.123,39176,443
1739466902.12421,474,10.9.21.209,34.120.208.123,39176,443
1739466902.142449,87,10.9.21.209,172.16.0.232,45288,53
1739466902.154016,56,10.9.22.168,224.0.0.251,Unknown,Unknown
1739466902.17476,66,34.120.208.123,10.9.21.209,443,39176
1739466902.17973,66,34.120.208.123,10.9.21.209,443,39176
1739466902.179731,78,34.120.208.123,10.9.21.209,443,39176
1739466902.179731,66,34.120.208.123,10.9.21.209,443,39176
1739466902.179731,66,34.120.208.123,10.9.21.209,443,39176
1739466902.179731,66,34.120.208.123,10.9.21.209,443,39176
1739466902.197568,128,172.16.0.232,10.9.21.209,53,45288
1739466902.197716,98,10.9.21.209,172.16.0.232,57657,53
1739466902.252825,98,172.16.0.232,10.9.21.209,53,57657
1739466902.253374,98,10.9.21.209,172.16.0.232,38493,53
1739466902.253437,98,10.9.21.209,172.16.0.232,39279,53
1739466902.257986,114,172.16.0.232,10.9.21.209,53,38493
1739466902.257986,126,172.16.0.232,10.9.21.209,53,39279
1739466902.258524,74,10.9.21.209,157.240.253.35,39108,443
1739466902.31967,74,157.240.253.35,10.9.21.209,443,39108
1739466902.319706,66,10.9.21.209,157.240.253.35,39108,443
1739466902.320163,1967,10.9.21.209,157.240.253.35,39108,443
1739466902.354156,74,10.9.21.209,157.240.253.35,39110,443
1739466902.362104,56,10.9.27.174,224.0.0.251,Unknown,Unknown
1739466902.362105,552,10.9.22.29,224.0.0.251,5353,5353
1739466902.372564,134,34.120.208.123,10.9.21.209,443,39176
1739466902.372565,267,34.120.208.123,10.9.21.209,443,39176
1739466902.372565,105,34.120.208.123,10.9.21.209,443,39176
1739466902.372827,66,10.9.21.209,34.120.208.123,39176,443
1739466902.372861,105,10.9.21.209,34.120.208.123,39176,443
1739466902.373949,192,10.9.21.209,34.120.208.123,39176,443
1739466902.373964,541,10.9.21.209,34.120.208.123,39176,443
1739466902.381728,66,157.240.253.35,10.9.21.209,443,39108
1739466902.381728,66,157.240.253.35,10.9.21.209,443,39108
1739466902.381728,66,157.240.253.35,10.9.21.209,443,39108
1739466902.383431,2802,157.240.253.35,10.9.21.209,443,39108
1739466902.38344,66,10.9.21.209,157.240.253.35,39108,443
1739466902.383431,106,157.240.253.35,10.9.21.209,443,39108
1739466902.383454,66,10.9.21.209,157.240.253.35,39108,443
1739466902.388416,85,10.9.21.209,172.16.0.232,38455,53
1739466902.388481,85,10.9.21.209,172.16.0.232,42052,53
1739466902.389127,505,10.9.21.209,23.40.158.218,50602,80
1739466902.391747,101,172.16.0.232,10.9.21.209,53,38455
1739466902.391747,113,172.16.0.232,10.9.21.209,53,42052
1739466902.39254,1294,10.9.21.209,142.251.209.36,35406,443
1739466902.415319,74,157.240.253.35,10.9.21.209,443,39110
1739466902.415352,66,10.9.21.209,157.240.253.35,39110,443
1739466902.415764,1967,10.9.21.209,157.240.253.35,39110,443
1739466902.426231,66,34.120.208.123,10.9.21.209,443,39176
1739466902.427002,66,34.120.208.123,10.9.21.209,443,39176
1739466902.427002,66,34.120.208.123,10.9.21.209,443,39176
1739466902.427742,66,34.120.208.123,10.9.21.209,443,39176
1739466902.442704,66,23.40.158.218,10.9.21.209,80,50602
1739466902.443535,938,23.40.158.218,10.9.21.209,80,50602
1739466902.443547,66,10.9.21.209,23.40.158.218,50602,80
1739466902.444523,130,10.9.21.209,157.240.253.35,39108,443
1739466902.444685,158,10.9.21.209,157.240.253.35,39108,443
1739466902.446645,1294,142.251.209.36,10.9.21.209,443,35406
1739466902.446978,82,10.9.21.209,142.251.209.36,35406,443
1739466902.460704,212,10.9.20.220,239.255.255.250,63942,1900
1739466902.465921,1294,142.251.209.36,10.9.21.209,443,35406
1739466902.465921,1294,142.251.209.36,10.9.21.209,443,35406
1739466902.466114,84,10.9.21.209,142.251.209.36,35406,443
1739466902.477417,66,157.240.253.35,10.9.21.209,443,39110
1739466902.477417,66,157.240.253.35,10.9.21.209,443,39110
1739466902.47841,2802,157.240.253.35,10.9.21.209,443,39110
1739466902.47846,66,10.9.21.209,157.240.253.35,39110,443
1739466902.47841,105,157.240.253.35,10.9.21.209,443,39110
1739466902.478486,66,10.9.21.209,157.240.253.35,39110,443
1739466902.479246,130,10.9.21.209,157.240.253.35,39110,443
1739466902.479378,175,10.9.21.209,157.240.253.35,39110,443
1739466902.488878,74,10.9.21.209,142.251.209.36,55854,443
1739466902.501479,1294,142.251.209.36,10.9.21.209,443,35406
1739466902.501479,1294,142.251.209.36,10.9.21.209,443,35406
1739466902.501479,1294,142.251.209.36,10.9.21.209,443,35406
1739466902.50148,691,142.251.209.36,10.9.21.209,443,35406
1739466902.502192,85,10.9.21.209,142.251.209.36,35406,443
1739466902.503656,501,10.9.21.209,216.58.204.131,38326,80
1739466902.505383,237,157.240.253.35,10.9.21.209,443,39108
1739466902.505397,66,10.9.21.209,157.240.253.35,39108,443
1739466902.505383,140,157.240.253.35,10.9.21.209,443,39108
1739466902.50541,66,10.9.21.209,157.240.253.35,39108,443
1739466902.505383,97,157.240.253.35,10.9.21.209,443,39108
1739466902.505412,66,10.9.21.209,157.240.253.35,39108,443
1739466902.505549,97,10.9.21.209,157.240.253.35,39108,443
1739466902.540241,66,157.240.253.35,10.9.21.209,443,39110
1739466902.540241,237,157.240.253.35,10.9.21.209,443,39110
1739466902.540241,140,157.240.253.35,10.9.21.209,443,39110
1739466902.540241,114,157.240.253.35,10.9.21.209,443,39110
1739466902.540422,66,10.9.21.209,157.240.253.35,39110,443
1739466902.540454,90,10.9.21.209,157.240.253.35,39110,443
1739466902.540466,66,10.9.21.209,157.240.253.35,39110,443
1739466902.542278,74,142.251.209.36,10.9.21.209,443,55854
1739466902.542291,66,10.9.21.209,142.251.209.36,55854,443
1739466902.54264,1965,10.9.21.209,142.251.209.36,55854,443
1739466902.556739,66,216.58.204.131,10.9.21.209,80,38326
1739466902.582659,86,10.9.21.209,142.251.209.36,35406,443
1739466902.596421,66,142.251.209.36,10.9.21.209,443,55854
1739466902.596421,66,142.251.209.36,10.9.21.209,443,55854
1739466902.601164,90,157.240.253.35,10.9.21.209,443,39110
1739466902.601186,54,10.9.21.209,157.240.253.35,39110,443
1739466902.601164,66,157.240.253.35,10.9.21.209,443,39110
1739466902.601204,54,10.9.21.209,157.240.253.35,39110,443
1739466902.607239,66,157.240.253.35,10.9.21.209,443,39108
1739466902.614394,2802,142.251.209.36,10.9.21.209,443,55854
1739466902.614404,66,10.9.21.209,142.251.209.36,55854,443
1739466902.614394,2516,142.251.209.36,10.9.21.209,443,55854
1739466902.614418,66,10.9.21.209,142.251.209.36,55854,443
1739466902.619415,81,10.9.21.209,172.16.0.232,55716,53
1739466902.61948,81,10.9.21.209,172.16.0.232,57981,53
1739466902.624686,134,34.120.208.123,10.9.21.209,443,39176
1739466902.624686,161,34.120.208.123,10.9.21.209,443,39176
1739466902.624686,105,34.120.208.123,10.9.21.209,443,39176
1739466902.624993,66,10.9.21.209,34.120.208.123,39176,443
1739466902.625042,105,10.9.21.209,34.120.208.123,39176,443
1739466902.626311,190,10.9.21.209,34.120.208.123,39176,443
1739466902.626325,559,10.9.21.209,34.120.208.123,39176,443
1739466902.626517,144,172.16.0.232,10.9.21.209,53,57981
1739466902.626517,132,172.16.0.232,10.9.21.209,53,55716
1739466902.626883,74,10.9.21.209,216.58.204.131,38338,80
1739466902.636639,85,142.251.209.36,10.9.21.209,443,35406
1739466902.662537,767,216.58.204.131,10.9.21.209,80,38326
1739466902.662577,66,10.9.21.209,216.58.204.131,38326,80
1739466902.664151,175,10.9.21.209,142.251.209.36,35406,443
1739466902.664181,112,10.9.21.209,142.251.209.36,35406,443
1739466902.671518,228,10.9.21.209,142.251.209.36,35406,443
1739466902.678382,66,34.120.208.123,10.9.21.209,443,39176
1739466902.679592,66,34.120.208.123,10.9.21.209,443,39176
1739466902.679592,66,34.120.208.123,10.9.21.209,443,39176
1739466902.680683,74,216.58.204.131,10.9.21.209,80,38338
1739466902.680716,66,10.9.21.209,216.58.204.131,38338,80
1739466902.680946,501,10.9.21.209,216.58.204.131,38338,80
1739466902.718614,657,142.251.209.36,10.9.21.209,443,35406
1739466902.718614,166,142.251.209.36,10.9.21.209,443,35406
1739466902.718614,68,142.251.209.36,10.9.21.209,443,35406
1739466902.719191,73,10.9.21.209,142.251.209.36,35406,443
1739466902.734885,66,216.58.204.131,10.9.21.209,80,38338
1739466902.749639,69,142.251.209.36,10.9.21.209,443,35406
1739466902.769915,72,10.9.21.209,142.251.209.36,35406,443
1739466902.773148,1122,142.251.209.36,10.9.21.209,443,35406
1739466902.773148,296,142.251.209.36,10.9.21.209,443,35406
1739466902.773322,78,10.9.21.209,142.251.209.36,35406,443
1739466902.823066,74,142.251.209.36,10.9.21.209,443,35406
1739466902.826739,228,10.9.21.209,142.251.209.36,35406,443
1739466902.842064,767,216.58.204.131,10.9.21.209,80,38338
1739466902.842091,66,10.9.21.209,216.58.204.131,38338,80
1739466902.843162,130,10.9.21.209,142.251.209.36,55854,443
1739466902.843358,158,10.9.21.209,142.251.209.36,55854,443
1739466902.843877,74,10.9.21.209,142.251.209.36,35406,443
1739466902.850579,134,34.120.208.123,10.9.21.209,443,39176
1739466902.850579,341,34.120.208.123,10.9.21.209,443,39176
1739466902.850579,105,34.120.208.123,10.9.21.209,443,39176
1739466902.850579,69,142.251.209.36,10.9.21.209,443,35406
1739466902.850766,66,10.9.21.209,34.120.208.123,39176,443
1739466902.850788,105,10.9.21.209,34.120.208.123,39176,443
1739466902.851794,191,10.9.21.209,34.120.208.123,39176,443
1739466902.851815,999,10.9.21.209,34.120.208.123,39176,443
1739466902.870735,345,10.9.26.162,224.0.0.251,5353,5353
1739466902.897372,66,142.251.209.36,10.9.21.209,443,55854
1739466902.897372,682,142.251.209.36,10.9.21.209,443,55854
1739466902.897394,66,10.9.21.209,142.251.209.36,55854,443
1739466902.897372,97,142.251.209.36,10.9.21.209,443,55854
1739466902.897411,66,10.9.21.209,142.251.209.36,55854,443
1739466902.897702,97,10.9.21.209,142.251.209.36,55854,443
1739466902.903595,66,34.120.208.123,10.9.21.209,443,39176
1739466902.904763,66,34.120.208.123,10.9.21.209,443,39176
1739466902.904763,66,34.120.208.123,10.9.21.209,443,39176
1739466902.906965,69,142.251.209.36,10.9.21.209,443,35406
1739466902.939109,780,142.251.209.36,10.9.21.209,443,35406
1739466902.939656,78,10.9.21.209,142.251.209.36,35406,443
1739466902.943073,70,142.251.209.36,10.9.21.209,443,35406
1739466902.943073,88,142.251.209.36,10.9.21.209,443,35406
1739466902.943541,73,10.9.21.209,142.251.209.36,35406,443
1739466902.95136,97,10.9.21.209,172.16.0.232,52118,53
1739466902.951476,97,10.9.21.209,172.16.0.232,52304,53
1739466902.955738,113,172.16.0.232,10.9.21.209,53,52118
1739466902.955738,125,172.16.0.232,10.9.21.209,53,52304
1739466902.956093,66,142.251.209.36,10.9.21.209,443,55854
1739466902.956791,1294,10.9.21.209,142.251.209.14,42090,443
1739466903.011128,1294,142.251.209.14,10.9.21.209,443,42090
1739466903.011611,82,10.9.21.209,142.251.209.14,42090,443
1739466903.021981,69,142.251.209.36,10.9.21.209,443,35406
1739466903.026824,1294,142.251.209.14,10.9.21.209,443,42090
1739466903.026824,1294,142.251.209.14,10.9.21.209,443,42090
1739466903.026905,84,10.9.21.209,142.251.209.14,42090,443
1739466903.064823,1294,142.251.209.14,10.9.21.209,443,42090
1739466903.064823,657,142.251.209.14,10.9.21.209,443,42090
1739466903.065469,84,10.9.21.209,142.251.209.14,42090,443
1739466903.066435,502,10.9.21.209,216.58.204.131,38330,80
1739466903.074794,132,10.9.22.29,224.0.0.251,5353,5353
1739466903.119889,66,216.58.204.131,10.9.21.209,80,38330
1739466903.12166,134,34.120.208.123,10.9.21.209,443,39176
1739466903.12166,199,34.120.208.123,10.9.21.209,443,39176
1739466903.12166,105,34.120.208.123,10.9.21.209,443,39176
1739466903.121922,66,10.9.21.209,34.120.208.123,39176,443
1739466903.121957,105,10.9.21.209,34.120.208.123,39176,443
1739466903.12295,219,10.9.21.209,34.120.208.123,39176,443
1739466903.122964,921,10.9.21.209,34.120.208.123,39176,443
1739466903.159001,86,10.9.21.209,142.251.209.14,42090,443
1739466903.164628,229,10.9.21.209,142.251.209.36,35406,443
1739466903.17504,66,34.120.208.123,10.9.21.209,443,39176
1739466903.176727,66,34.120.208.123,10.9.21.209,443,39176
1739466903.176727,66,34.120.208.123,10.9.21.209,443,39176
1739466903.214609,85,142.251.209.14,10.9.21.209,443,42090
1739466903.229281,768,216.58.204.131,10.9.21.209,80,38330
1739466903.229319,66,10.9.21.209,216.58.204.131,38330,80
1739466903.230898,175,10.9.21.209,142.251.209.14,42090,443
1739466903.230923,114,10.9.21.209,142.251.209.14,42090,443
1739466903.245661,69,142.251.209.36,10.9.21.209,443,35406
1739466903.248097,899,10.9.20.88,10.9.22.29,5353,5353
1739466903.280181,56,10.9.22.56,224.0.0.22,Unknown,Unknown
1739466903.280723,698,10.9.29.169,239.255.255.250,61490,3702
1739466903.282884,647,142.251.209.36,10.9.21.209,443,35406
1739466903.283385,78,10.9.21.209,142.251.209.36,35406,443
1739466903.283614,657,142.251.209.14,10.9.21.209,443,42090
1739466903.283614,166,142.251.209.14,10.9.21.209,443,42090
1739466903.283614,68,142.251.209.14,10.9.21.209,443,42090
1739466903.284487,73,10.9.21.209,142.251.209.14,42090,443
1739466903.285319,70,142.251.209.36,10.9.21.209,443,35406
1739466903.285319,78,142.251.209.36,10.9.21.209,443,35406
1739466903.28551,73,10.9.21.209,142.251.209.36,35406,443
1739466903.362117,69,142.251.209.36,10.9.21.209,443,35406
1739466903.373308,230,10.9.21.209,142.251.209.36,35406,443
1739466903.384597,108,10.9.22.29,224.0.0.251,5353,5353
1739466903.389896,134,34.120.208.123,10.9.21.209,443,39176
1739466903.389896,271,34.120.208.123,10.9.21.209,443,39176
1739466903.389896,105,34.120.208.123,10.9.21.209,443,39176
1739466903.390193,66,10.9.21.209,34.120.208.123,39176,443
1739466903.390232,105,10.9.21.209,34.120.208.123,39176,443
1739466903.391938,197,10.9.21.209,34.120.208.123,39176,443
1739466903.39196,973,10.9.21.209,34.120.208.123,39176,443
1739466903.443656,66,34.120.208.123,10.9.21.209,443,39176
1739466903.443657,66,34.120.208.123,10.9.21.209,443,39176
1739466903.446334,66,34.120.208.123,10.9.21.209,443,39176
1739466903.446334,66,34.120.208.123,10.9.21.209,443,39176
1739466903.451236,69,142.251.209.36,10.9.21.209,443,35406
1739466903.457488,77,10.9.21.209,142.251.209.36,35406,443
1739466903.463951,637,142.251.209.36,10.9.21.209,443,35406
1739466903.464092,78,10.9.21.209,142.251.209.36,35406,443
1739466903.465964,70,142.251.209.36,10.9.21.209,443,35406
1739466903.465964,68,142.251.209.36,10.9.21.209,443,35406
1739466903.466019,73,10.9.21.209,142.251.209.36,35406,443
1739466903.484518,212,10.9.20.220,239.255.255.250,63942,1900
1739466903.510949,74,142.251.209.36,10.9.21.209,443,35406
1739466903.513466,230,10.9.21.209,142.251.209.36,35406,443
1739466903.530406,74,10.9.21.209,142.251.209.36,35406,443
1739466903.542086,69,142.251.209.36,10.9.21.209,443,35406
1739466903.587036,86,10.9.20.220,10.9.31.255,57621,57621
1739466903.58811,56,10.9.21.101,224.0.0.22,Unknown,Unknown
1739466903.592152,69,142.251.209.36,10.9.21.209,443,35406
1739466903.598017,635,142.251.209.36,10.9.21.209,443,35406
1739466903.598299,78,10.9.21.209,142.251.209.36,35406,443
1739466903.601667,70,142.251.209.36,10.9.21.209,443,35406
1739466903.601667,253,142.251.209.36,10.9.21.209,443,35406
1739466903.601826,73,10.9.21.209,142.251.209.36,35406,443
1739466903.647964,134,34.120.208.123,10.9.21.209,443,39176
1739466903.647964,350,34.120.208.123,10.9.21.209,443,39176
1739466903.647964,105,34.120.208.123,10.9.21.209,443,39176
1739466903.648244,66,10.9.21.209,34.120.208.123,39176,443
1739466903.648276,105,10.9.21.209,34.120.208.123,39176,443
1739466903.677871,69,142.251.209.36,10.9.21.209,443,35406
1739466903.701381,66,34.120.208.123,10.9.21.209,443,39176
1739466903.719437,231,10.9.21.209,142.251.209.36,35406,443
1739466903.798809,69,142.251.209.36,10.9.21.209,443,35406
1739466903.807509,633,142.251.209.36,10.9.21.209,443,35406
1739466903.80772,78,10.9.21.209,142.251.209.36,35406,443
1739466903.809882,70,142.251.209.36,10.9.21.209,443,35406
1739466903.809882,156,142.251.209.36,10.9.21.209,443,35406
1739466903.810054,73,10.9.21.209,142.251.209.36,35406,443
1739466903.8864,69,142.251.209.36,10.9.21.209,443,35406
1739466904.098874,132,10.9.22.29,224.0.0.251,5353,5353
1739466904.199958,85,10.9.21.209,172.16.0.232,51526,53
1739466904.231002,231,10.9.21.209,142.251.209.36,35406,443
1739466904.234893,961,10.9.20.88,224.0.0.251,5353,5353
1739466904.256664,85,172.16.0.232,10.9.21.209,53,51526
1739466904.257663,74,10.9.21.209,142.251.209.36,55858,443
1739466904.311156,74,142.251.209.36,10.9.21.209,443,55858
1739466904.311243,66,10.9.21.209,142.251.209.36,55858,443
1739466904.311589,69,142.251.209.36,10.9.21.209,443,35406
1739466904.312438,1965,10.9.21.209,142.251.209.36,55858,443
1739466904.322709,657,142.251.209.36,10.9.21.209,443,35406
1739466904.323203,78,10.9.21.209,142.251.209.36,35406,443
1739466904.324138,246,142.251.209.36,10.9.21.209,443,35406
1739466904.344276,74,10.9.21.209,142.251.209.36,35406,443
1739466904.365772,66,142.251.209.36,10.9.21.209,443,55858
1739466904.365772,66,142.251.209.36,10.9.21.209,443,55858
1739466904.383092,2802,142.251.209.36,10.9.21.209,443,55858
1739466904.383112,66,10.9.21.209,142.251.209.36,55858,443
1739466904.383092,2516,142.251.209.36,10.9.21.209,443,55858
1739466904.38314,66,10.9.21.209,142.251.209.36,55858,443
1739466904.384692,501,10.9.21.209,216.58.204.131,38330,80
1739466904.401552,69,142.251.209.36,10.9.21.209,443,35406
1739466904.410109,212,10.9.20.220,239.255.255.250,63942,1900
1739466904.437746,66,216.58.204.131,10.9.21.209,80,38330
1739466904.508515,56,10.9.24.248,224.0.0.251,Unknown,Unknown
1739466904.545129,767,216.58.204.131,10.9.21.209,80,38330
1739466904.545177,66,10.9.21.209,216.58.204.131,38330,80
1739466904.546702,130,10.9.21.209,142.251.209.36,55858,443
1739466904.54706,158,10.9.21.209,142.251.209.36,55858,443
1739466904.600812,66,142.251.209.36,10.9.21.209,443,55858
1739466904.600812,682,142.251.209.36,10.9.21.209,443,55858
1739466904.600873,66,10.9.21.209,142.251.209.36,55858,443
1739466904.600812,97,142.251.209.36,10.9.21.209,443,55858
1739466904.600943,66,10.9.21.209,142.251.209.36,55858,443
1739466904.601846,97,10.9.21.209,142.251.209.36,55858,443
1739466904.660532,66,142.251.209.36,10.9.21.209,443,55858
1739466905.123981,56,10.9.19.146,224.0.0.22,Unknown,Unknown
1739466905.226498,749,10.9.21.209,142.251.209.36,55858,443
1739466905.226798,1294,10.9.21.209,142.251.209.36,39496,443
1739466905.227945,85,10.9.21.209,172.16.0.232,42659,53
1739466905.227984,86,10.9.21.209,172.16.0.232,37973,53
1739466905.228011,86,10.9.21.209,172.16.0.232,36429,53
1739466905.228038,86,10.9.21.209,172.16.0.232,54180,53
1739466905.228061,82,10.9.21.209,172.16.0.232,60470,53
1739466905.228084,82,10.9.21.209,172.16.0.232,51511,53
1739466905.228619,82,10.9.21.209,172.16.0.232,40448,53
1739466905.234159,102,172.16.0.232,10.9.21.209,53,37973
1739466905.234159,194,172.16.0.232,10.9.21.209,53,51511
1739466905.234159,194,172.16.0.232,10.9.21.209,53,60470
1739466905.234159,114,172.16.0.232,10.9.21.209,53,36429
1739466905.281403,66,142.251.209.36,10.9.21.209,443,55858
1739466905.283487,1294,142.251.209.36,10.9.21.209,443,39496
1739466905.283487,85,172.16.0.232,10.9.21.209,53,42659
1739466905.283487,86,172.16.0.232,10.9.21.209,53,54180
1739466905.283487,82,172.16.0.232,10.9.21.209,53,40448
1739466905.283853,82,10.9.21.209,142.251.209.36,39496,443
1739466905.297314,1294,142.251.209.36,10.9.21.209,443,39496
1739466905.297315,1294,142.251.209.36,10.9.21.209,443,39496
1739466905.297441,84,10.9.21.209,142.251.209.36,39496,443
1739466905.338345,1294,142.251.209.36,10.9.21.209,443,39496
1739466905.338345,1294,142.251.209.36,10.9.21.209,443,39496
1739466905.338345,1294,142.251.209.36,10.9.21.209,443,39496
1739466905.338345,695,142.251.209.36,10.9.21.209,443,39496
1739466905.338872,84,10.9.21.209,142.251.209.36,39496,443
1739466905.339281,626,142.251.209.36,10.9.21.209,443,55858
1739466905.339281,108,142.251.209.36,10.9.21.209,443,55858
1739466905.339412,66,10.9.21.209,142.251.209.36,55858,443
1739466905.339465,173,10.9.21.209,142.251.209.36,39496,443
1739466905.339495,113,10.9.21.209,142.251.209.36,39496,443
1739466905.347454,215,10.9.21.209,34.120.208.123,39176,443
1739466905.347488,1390,10.9.21.209,34.120.208.123,39176,443
1739466905.361732,1434,142.251.209.36,10.9.21.209,443,55858
1739466905.361732,1434,142.251.209.36,10.9.21.209,443,55858
1739466905.361805,66,10.9.21.209,142.251.209.36,55858,443
1739466905.362766,2802,142.251.209.36,10.9.21.209,443,55858
1739466905.362773,66,10.9.21.209,142.251.209.36,55858,443
1739466905.365615,2802,142.251.209.36,10.9.21.209,443,55858
1739466905.365625,66,10.9.21.209,142.251.209.36,55858,443
1739466905.368198,2802,142.251.209.36,10.9.21.209,443,55858
1739466905.368205,66,10.9.21.209,142.251.209.36,55858,443
1739466905.370919,2802,142.251.209.36,10.9.21.209,443,55858
1739466905.370923,66,10.9.21.209,142.251.209.36,55858,443
1739466905.373549,2802,142.251.209.36,10.9.21.209,443,55858
1739466905.373564,66,10.9.21.209,142.251.209.36,55858,443
1739466905.376339,2802,142.251.209.36,10.9.21.209,443,55858
1739466905.376355,66,10.9.21.209,142.251.209.36,55858,443
1739466905.378893,1131,142.251.209.36,10.9.21.209,443,55858
1739466905.393188,658,142.251.209.36,10.9.21.209,443,39496
1739466905.393189,166,142.251.209.36,10.9.21.209,443,39496
1739466905.393189,68,142.251.209.36,10.9.21.209,443,39496
1739466905.393541,73,10.9.21.209,142.251.209.36,39496,443
1739466905.400616,66,34.120.208.123,10.9.21.209,443,39176
1739466905.400616,66,34.120.208.123,10.9.21.209,443,39176
1739466905.421365,66,10.9.21.209,142.251.209.36,55858,443
1739466905.43235,212,10.9.20.220,239.255.255.250,63942,1900
1739466905.523599,1434,142.251.209.36,10.9.21.209,443,55858
1739466905.523623,66,10.9.21.209,142.251.209.36,55858,443
1739466905.523835,1155,142.251.209.36,10.9.21.209,443,55858
1739466905.523839,66,10.9.21.209,142.251.209.36,55858,443
1739466905.528198,1434,142.251.209.36,10.9.21.209,443,55858
1739466905.528205,66,10.9.21.209,142.251.209.36,55858,443
1739466905.528885,1434,142.251.209.36,10.9.21.209,443,55858
1739466905.528896,66,10.9.21.209,142.251.209.36,55858,443
1739466905.529942,2356,142.251.209.36,10.9.21.209,443,55858
1739466905.529946,66,10.9.21.209,142.251.209.36,55858,443
1739466905.532748,95,10.9.21.209,172.16.0.232,37458,53
1739466905.532808,95,10.9.21.209,172.16.0.232,49433,53
1739466905.533315,740,10.9.21.209,142.251.209.36,39496,443
1739466905.533664,698,10.9.29.167,239.255.255.250,55206,3702
1739466905.535754,198,142.251.209.36,10.9.21.209,443,55858
1739466905.535759,66,10.9.21.209,142.251.209.36,55858,443
1739466905.537522,111,172.16.0.232,10.9.21.209,53,37458
1739466905.537522,155,172.16.0.232,10.9.21.209,53,49433
1739466905.538098,1294,10.9.21.209,216.58.205.34,41892,443
1739466905.541348,1434,142.251.209.36,10.9.21.209,443,55858
1739466905.541354,66,10.9.21.209,142.251.209.36,55858,443
1739466905.541349,916,142.251.209.36,10.9.21.209,443,55858
1739466905.541365,66,10.9.21.209,142.251.209.36,55858,443
1739466905.542328,125,142.251.209.36,10.9.21.209,443,55858
1739466905.54233,66,10.9.21.209,142.251.209.36,55858,443
1739466905.550901,1434,142.251.209.36,10.9.21.209,443,55858
1739466905.550916,66,10.9.21.209,142.251.209.36,55858,443
1739466905.550901,1434,142.251.209.36,10.9.21.209,443,55858
1739466905.550932,66,10.9.21.209,142.251.209.36,55858,443
1739466905.552882,2192,142.251.209.36,10.9.21.209,443,55858
1739466905.552887,66,10.9.21.209,142.251.209.36,55858,443
1739466905.554526,1004,142.251.209.36,10.9.21.209,443,55858
1739466905.554529,66,10.9.21.209,142.251.209.36,55858,443
1739466905.555769,1434,142.251.209.36,10.9.21.209,443,55858
1739466905.555772,66,10.9.21.209,142.251.209.36,55858,443
1739466905.557019,1434,142.251.209.36,10.9.21.209,443,55858
1739466905.557034,66,10.9.21.209,142.251.209.36,55858,443
1739466905.558417,1723,142.251.209.36,10.9.21.209,443,55858
1739466905.558421,66,10.9.21.209,142.251.209.36,55858,443
1739466905.56013,2802,142.251.209.36,10.9.21.209,443,55858
1739466905.560134,66,10.9.21.209,142.251.209.36,55858,443
1739466905.562709,2802,142.251.209.36,10.9.21.209,443,55858
1739466905.562716,66,10.9.21.209,142.251.209.36,55858,443
1739466905.565496,2802,142.251.209.36,10.9.21.209,443,55858
1739466905.565504,66,10.9.21.209,142.251.209.36,55858,443
1739466905.567945,2802,142.251.209.36,10.9.21.209,443,55858
1739466905.567951,66,10.9.21.209,142.251.209.36,55858,443
1739466905.57064,2802,142.251.209.36,10.9.21.209,443,55858
1739466905.570646,66,10.9.21.209,142.251.209.36,55858,443
1739466905.573499,2802,142.251.209.36,10.9.21.209,443,55858
1739466905.573508,66,10.9.21.209,142.251.209.36,55858,443
1739466905.576584,2802,142.251.209.36,10.9.21.209,443,55858
1739466905.57659,66,10.9.21.209,142.251.209.36,55858,443
1739466905.578753,2802,142.251.209.36,10.9.21.209,443,55858
1739466905.578756,66,10.9.21.209,142.251.209.36,55858,443
1739466905.581425,2802,142.251.209.36,10.9.21.209,443,55858
1739466905.581474,66,10.9.21.209,142.251.209.36,55858,443
1739466905.583981,787,142.251.209.36,10.9.21.209,443,55858
1739466905.584008,66,10.9.21.209,142.251.209.36,55858,443
1739466905.592057,1294,216.58.205.34,10.9.21.209,443,41892
1739466905.592407,82,10.9.21.209,216.58.205.34,41892,443
1739466905.592514,714,10.9.21.209,142.251.209.36,39496,443
1739466905.608078,1294,216.58.205.34,10.9.21.209,443,41892
1739466905.608078,1294,216.58.205.34,10.9.21.209,443,41892
1739466905.608246,84,10.9.21.209,216.58.205.34,41892,443
1739466905.609989,388,142.251.209.36,10.9.21.209,443,39496
1739466905.609989,66,142.251.209.36,10.9.21.209,443,39496
1739466905.610213,78,10.9.21.209,142.251.209.36,39496,443
1739466905.616205,134,34.120.208.123,10.9.21.209,443,39176
1739466905.616205,347,34.120.208.123,10.9.21.209,443,39176
1739466905.616205,105,34.120.208.123,10.9.21.209,443,39176
1739466905.616419,66,10.9.21.209,34.120.208.123,39176,443
1739466905.616439,105,10.9.21.209,34.120.208.123,39176,443
1739466905.61972,1434,142.251.209.36,10.9.21.209,443,55858
1739466905.619734,66,10.9.21.209,142.251.209.36,55858,443
1739466905.620335,1434,142.251.209.36,10.9.21.209,443,55858
1739466905.620341,66,10.9.21.209,142.251.209.36,55858,443
1739466905.621636,2802,142.251.209.36,10.9.21.209,443,55858
1739466905.621639,66,10.9.21.209,142.251.209.36,55858,443
1739466905.624632,2802,142.251.209.36,10.9.21.209,443,55858
1739466905.624635,66,10.9.21.209,142.251.209.36,55858,443
1739466905.627187,2802,142.251.209.36,10.9.21.209,443,55858
1739466905.627189,66,10.9.21.209,142.251.209.36,55858,443
1739466905.629747,2802,142.251.209.36,10.9.21.209,443,55858
1739466905.629751,66,10.9.21.209,142.251.209.36,55858,443
1739466905.632345,2802,142.251.209.36,10.9.21.209,443,55858
1739466905.632359,66,10.9.21.209,142.251.209.36,55858,443
1739466905.633067,74,10.9.21.209,216.58.205.34,49182,443
1739466905.637913,2802,142.251.209.36,10.9.21.209,443,55858
1739466905.637921,66,10.9.21.209,142.251.209.36,55858,443
1739466905.637913,2802,142.251.209.36,10.9.21.209,443,55858
1739466905.637936,66,10.9.21.209,142.251.209.36,55858,443
1739466905.639387,985,10.9.21.209,142.251.209.36,39496,443
1739466905.639442,77,10.9.21.209,142.251.209.36,39496,443
1739466905.639607,2802,142.251.209.36,10.9.21.209,443,55858
1739466905.639611,66,10.9.21.209,142.251.209.36,55858,443
1739466905.640944,2802,142.251.209.36,10.9.21.209,443,55858
1739466905.640946,66,10.9.21.209,142.251.209.36,55858,443
1739466905.642061,89,10.9.21.209,172.16.0.232,48193,53
1739466905.642138,89,10.9.21.209,172.16.0.232,36701,53
1739466905.642615,2802,142.251.209.36,10.9.21.209,443,55858
1739466905.642619,66,10.9.21.209,142.251.209.36,55858,443
1739466905.643733,2802,142.251.209.36,10.9.21.209,443,55858
1739466905.643737,66,10.9.21.209,142.251.209.36,55858,443
1739466905.644634,2802,142.251.209.36,10.9.21.209,443,55858
1739466905.644646,66,10.9.21.209,142.251.209.36,55858,443
1739466905.644634,1294,216.58.205.34,10.9.21.209,443,41892
1739466905.644634,658,216.58.205.34,10.9.21.209,443,41892
1739466905.645308,84,10.9.21.209,216.58.205.34,41892,443
1739466905.645828,2802,142.251.209.36,10.9.21.209,443,55858
1739466905.645833,66,10.9.21.209,142.251.209.36,55858,443
1739466905.646204,105,172.16.0.232,10.9.21.209,53,48193
1739466905.646204,117,172.16.0.232,10.9.21.209,53,36701
1739466905.647263,502,10.9.21.209,216.58.204.131,38330,80
1739466905.647622,1294,10.9.21.209,142.251.209.17,60708,443
1739466905.649546,2802,142.251.209.36,10.9.21.209,443,55858
1739466905.64955,66,10.9.21.209,142.251.209.36,55858,443
1739466905.649546,2802,142.251.209.36,10.9.21.209,443,55858
1739466905.64956,66,10.9.21.209,142.251.209.36,55858,443
1739466905.649546,2802,142.251.209.36,10.9.21.209,443,55858
1739466905.649563,66,10.9.21.209,142.251.209.36,55858,443
1739466905.651159,2282,142.251.209.36,10.9.21.209,443,55858
1739466905.651162,66,10.9.21.209,142.251.209.36,55858,443
1739466905.651232,105,10.9.21.209,142.251.209.36,55858,443
1739466905.651503,90,10.9.21.209,142.251.209.36,55858,443
1739466905.651517,66,10.9.21.209,142.251.209.36,55858,443
1739466905.655232,1294,10.9.21.209,142.251.209.3,46441,443
1739466905.664346,72,142.251.209.36,10.9.21.209,443,39496
1739466905.667743,434,142.251.209.36,10.9.21.209,443,39496
1739466905.667743,66,142.251.209.36,10.9.21.209,443,39496
1739466905.667863,78,10.9.21.209,142.251.209.36,39496,443
1739466905.669906,66,34.120.208.123,10.9.21.209,443,39176
1739466905.685519,94,10.9.21.209,172.16.0.232,49600,53
1739466905.685565,94,10.9.21.209,172.16.0.232,48673,53
1739466905.686549,74,216.58.205.34,10.9.21.209,443,49182
1739466905.686568,66,10.9.21.209,216.58.205.34,49182,443
1739466905.686951,1975,10.9.21.209,216.58.205.34,49182,443
1739466905.68925,206,172.16.0.232,10.9.21.209,53,48673
1739466905.68925,222,172.16.0.232,10.9.21.209,53,49600
1739466905.690039,1294,10.9.21.209,216.58.205.42,49218,443
1739466905.692594,98,10.9.21.209,172.16.0.232,33307,53
1739466905.692638,98,10.9.21.209,172.16.0.232,39528,53
1739466905.692958,1290,142.251.209.36,10.9.21.209,443,39496
1739466905.692958,641,142.251.209.36,10.9.21.209,443,39496
1739466905.692958,74,142.251.209.36,10.9.21.209,443,39496
1739466905.693053,78,10.9.21.209,142.251.209.36,39496,443
1739466905.695793,114,172.16.0.232,10.9.21.209,53,33307
1739466905.696755,126,172.16.0.232,10.9.21.209,53,39528
1739466905.697008,74,10.9.21.209,142.251.143.170,43700,443
1739466905.701293,66,216.58.204.131,10.9.21.209,80,38330
1739466905.701293,1294,142.251.209.17,10.9.21.209,443,60708
1739466905.701586,82,10.9.21.209,142.251.209.17,60708,443
1739466905.704722,66,142.251.209.36,10.9.21.209,443,55858
1739466905.704722,66,142.251.209.36,10.9.21.209,443,55858
1739466905.704722,66,142.251.209.36,10.9.21.209,443,55858
1739466905.704739,66,10.9.21.209,142.251.209.36,55858,443
1739466905.709744,1294,142.251.209.3,10.9.21.209,443,46441
1739466905.710038,82,10.9.21.209,142.251.209.3,46441,443
1739466905.717555,1294,142.251.209.17,10.9.21.209,443,60708
1739466905.717555,1294,142.251.209.17,10.9.21.209,443,60708
1739466905.717643,84,10.9.21.209,142.251.209.17,60708,443
1739466905.724912,1294,142.251.209.3,10.9.21.209,443,46441
1739466905.724912,1294,142.251.209.3,10.9.21.209,443,46441
1739466905.725125,84,10.9.21.209,142.251.209.3,46441,443
1739466905.733595,86,10.9.21.209,216.58.205.34,41892,443
1739466905.737798,698,10.9.29.167,239.255.255.250,55206,3702
1739466905.74136,66,216.58.205.34,10.9.21.209,443,49182
1739466905.74136,66,216.58.205.34,10.9.21.209,443,49182
1739466905.74404,1294,216.58.205.42,10.9.21.209,443,49218
1739466905.744401,82,10.9.21.209,216.58.205.42,49218,443
1739466905.745696,69,142.251.209.36,10.9.21.209,443,39496
1739466905.753323,74,142.251.143.170,10.9.21.209,443,43700
1739466905.753386,66,10.9.21.209,142.251.143.170,43700,443
1739466905.753415,74,10.9.21.209,142.251.209.17,48462,443
1739466905.753678,1978,10.9.21.209,142.251.143.170,43700,443
1739466905.754571,1294,142.251.209.17,10.9.21.209,443,60708
1739466905.754571,1294,142.251.209.17,10.9.21.209,443,60708
1739466905.754571,273,142.251.209.17,10.9.21.209,443,60708
1739466905.755007,84,10.9.21.209,142.251.209.17,60708,443
1739466905.755656,502,10.9.21.209,216.58.204.131,38326,80
1739466905.759005,2802,216.58.205.34,10.9.21.209,443,49182
1739466905.759011,66,10.9.21.209,216.58.205.34,49182,443
1739466905.759005,2538,216.58.205.34,10.9.21.209,443,49182
1739466905.759024,66,10.9.21.209,216.58.205.34,49182,443
1739466905.759899,74,10.9.21.209,216.58.204.131,38350,80
1739466905.760673,1294,216.58.205.42,10.9.21.209,443,49218
1739466905.760673,1294,216.58.205.42,10.9.21.209,443,49218
1739466905.760747,84,10.9.21.209,216.58.205.42,49218,443
1739466905.763275,1294,142.251.209.3,10.9.21.209,443,46441
1739466905.763276,657,142.251.209.3,10.9.21.209,443,46441
1739466905.763549,84,10.9.21.209,142.251.209.3,46441,443
1739466905.763884,173,10.9.21.209,142.251.209.3,46441,443
1739466905.763895,109,10.9.21.209,142.251.209.3,46441,443
1739466905.771611,69,142.251.209.36,10.9.21.209,443,39496
1739466905.786478,74,10.9.21.209,216.58.205.42,38366,443
1739466905.787323,85,216.58.205.34,10.9.21.209,443,41892
1739466905.797425,1294,216.58.205.42,10.9.21.209,443,49218
1739466905.797425,1025,216.58.205.42,10.9.21.209,443,49218
1739466905.797976,84,10.9.21.209,216.58.205.42,49218,443
1739466905.798647,74,10.9.21.209,216.58.204.131,38364,80
1739466905.806617,74,142.251.209.17,10.9.21.209,443,48462
1739466905.806658,66,10.9.21.209,142.251.209.17,48462,443
1739466905.806618,768,216.58.204.131,10.9.21.209,80,38330
1739466905.806667,66,10.9.21.209,216.58.204.131,38330,80
1739466905.806771,502,10.9.21.209,216.58.204.131,38330,80
1739466905.807239,1969,10.9.21.209,142.251.209.17,48462,443
1739466905.80751,175,10.9.21.209,216.58.205.34,41892,443
1739466905.807522,108,10.9.21.209,216.58.205.34,41892,443
1739466905.807705,448,10.9.21.209,216.58.205.34,41892,443
1739466905.808779,66,216.58.204.131,10.9.21.209,80,38326
1739466905.810536,66,142.251.143.170,10.9.21.209,443,43700
1739466905.810536,66,142.251.143.170,10.9.21.209,443,43700
1739466905.812577,74,216.58.204.131,10.9.21.209,80,38350
1739466905.8126,66,10.9.21.209,216.58.204.131,38350,80
1739466905.812708,501,10.9.21.209,216.58.204.131,38350,80
1739466905.81783,658,142.251.209.3,10.9.21.209,443,46441
1739466905.81783,166,142.251.209.3,10.9.21.209,443,46441
1739466905.81783,68,142.251.209.3,10.9.21.209,443,46441
1739466905.818107,73,10.9.21.209,142.251.209.3,46441,443
1739466905.829812,2802,142.251.143.170,10.9.21.209,443,43700
1739466905.829824,66,10.9.21.209,142.251.143.170,43700,443
1739466905.829812,2802,142.251.143.170,10.9.21.209,443,43700
1739466905.829838,66,10.9.21.209,142.251.143.170,43700,443
1739466905.829812,175,142.251.143.170,10.9.21.209,443,43700
1739466905.829841,66,10.9.21.209,142.251.143.170,43700,443
1739466905.830973,74,10.9.21.209,216.58.204.131,38372,80
1739466905.836596,86,10.9.21.209,142.251.209.17,60708,443
1739466905.841392,345,10.9.26.162,224.0.0.251,5353,5353
1739466905.843863,74,216.58.205.42,10.9.21.209,443,38366
1739466905.843887,66,10.9.21.209,216.58.205.42,38366,443
1739466905.84429,1974,10.9.21.209,216.58.205.42,38366,443
1739466905.852139,74,216.58.204.131,10.9.21.209,80,38364
1739466905.852155,66,10.9.21.209,216.58.204.131,38364,80
1739466905.859737,66,216.58.204.131,10.9.21.209,80,38330
1739466905.859737,66,216.58.204.131,10.9.21.209,80,38330
1739466905.860393,66,142.251.209.17,10.9.21.209,443,48462
1739466905.862602,66,142.251.209.17,10.9.21.209,443,48462
1739466905.862602,657,216.58.205.34,10.9.21.209,443,41892
1739466905.862602,166,216.58.205.34,10.9.21.209,443,41892
1739466905.862602,68,216.58.205.34,10.9.21.209,443,41892
1739466905.862977,73,10.9.21.209,216.58.205.34,41892,443
1739466905.866513,66,216.58.204.131,10.9.21.209,80,38350
1739466905.877297,2802,142.251.209.17,10.9.21.209,443,48462
1739466905.877314,66,10.9.21.209,142.251.209.17,48462,443
1739466905.877297,2802,142.251.209.17,10.9.21.209,443,48462
1739466905.877332,66,10.9.21.209,142.251.209.17,48462,443
1739466905.877297,639,142.251.209.17,10.9.21.209,443,48462
1739466905.877335,66,10.9.21.209,142.251.209.17,48462,443
1739466905.878524,502,10.9.21.209,216.58.204.131,38364,80
1739466905.881483,86,10.9.21.209,216.58.205.42,49218,443
1739466905.882154,388,216.58.205.34,10.9.21.209,443,41892
1739466905.882378,78,10.9.21.209,216.58.205.34,41892,443
1739466905.882661,66,216.58.205.34,10.9.21.209,443,41892
1739466905.882705,73,10.9.21.209,216.58.205.34,41892,443
1739466905.883648,74,216.58.204.131,10.9.21.209,80,38372
1739466905.883666,66,10.9.21.209,216.58.204.131,38372,80
1739466905.883778,501,10.9.21.209,216.58.204.131,38372,80
1739466905.891793,85,142.251.209.17,10.9.21.209,443,60708
1739466905.897843,66,216.58.205.42,10.9.21.209,443,38366
1739466905.897843,66,216.58.205.42,10.9.21.209,443,38366
1739466905.914502,2802,216.58.205.42,10.9.21.209,443,38366
1739466905.914527,66,10.9.21.209,216.58.205.42,38366,443
1739466905.914503,2802,216.58.205.42,10.9.21.209,443,38366
1739466905.914552,66,10.9.21.209,216.58.205.42,38366,443
1739466905.914503,174,216.58.205.42,10.9.21.209,443,38366
1739466905.914558,66,10.9.21.209,216.58.205.42,38366,443
1739466905.915391,768,216.58.204.131,10.9.21.209,80,38326
1739466905.915404,66,10.9.21.209,216.58.204.131,38326,80
1739466905.917679,175,10.9.21.209,142.251.209.17,60708,443
1739466905.917831,109,10.9.21.209,142.251.209.17,60708,443
1739466905.91825,938,10.9.21.209,142.251.209.17,60708,443
1739466905.918328,501,10.9.21.209,216.58.204.131,38326,80
1739466905.933074,66,216.58.204.131,10.9.21.209,80,38364
1739466905.934954,73,216.58.205.34,10.9.21.209,443,41892
1739466905.935745,85,216.58.205.42,10.9.21.209,443,49218
1739466905.938069,66,216.58.204.131,10.9.21.209,80,38372
1739466905.938069,66,216.58.204.131,10.9.21.209,80,38372
1739466905.954457,74,10.9.21.209,216.58.205.34,41892,443
1739466905.96573,768,216.58.204.131,10.9.21.209,80,38330
1739466905.966724,130,10.9.21.209,216.58.205.34,49182,443
1739466905.966882,158,10.9.21.209,216.58.205.34,49182,443
1739466905.971207,657,142.251.209.17,10.9.21.209,443,60708
1739466905.971207,166,142.251.209.17,10.9.21.209,443,60708
1739466905.971207,68,142.251.209.17,10.9.21.209,443,60708
1739466905.971207,66,216.58.204.131,10.9.21.209,80,38326
1739466905.971628,73,10.9.21.209,142.251.209.17,60708,443
1739466905.97261,767,216.58.204.131,10.9.21.209,80,38350
1739466905.972623,66,10.9.21.209,216.58.204.131,38350,80
1739466905.973413,175,10.9.21.209,216.58.205.42,49218,443
1739466905.973429,109,10.9.21.209,216.58.205.42,49218,443
1739466905.97365,396,10.9.21.209,216.58.205.42,49218,443
1739466905.994868,1197,142.251.209.17,10.9.21.209,443,60708
1739466905.994868,66,142.251.209.17,10.9.21.209,443,60708
1739466905.995245,78,10.9.21.209,142.251.209.17,60708,443
1739466906.008806,66,10.9.21.209,216.58.204.131,38330,80
1739466906.019891,682,216.58.205.34,10.9.21.209,443,49182
1739466906.019918,66,10.9.21.209,216.58.205.34,49182,443
1739466906.020451,97,216.58.205.34,10.9.21.209,443,49182
1739466906.020456,66,10.9.21.209,216.58.205.34,49182,443
1739466906.020498,97,10.9.21.209,216.58.205.34,49182,443
1739466906.027462,464,10.9.20.88,224.0.0.251,5353,5353
1739466906.02783,657,216.58.205.42,10.9.21.209,443,49218
1739466906.02783,166,216.58.205.42,10.9.21.209,443,49218
1739466906.02783,68,216.58.205.42,10.9.21.209,443,49218
1739466906.028305,73,10.9.21.209,216.58.205.42,49218,443
1739466906.038483,768,216.58.204.131,10.9.21.209,80,38364
1739466906.038497,66,10.9.21.209,216.58.204.131,38364,80
1739466906.039873,130,10.9.21.209,142.251.209.17,48462,443
1739466906.040146,158,10.9.21.209,142.251.209.17,48462,443
1739466906.048191,767,216.58.204.131,10.9.21.209,80,38372
1739466906.048203,66,10.9.21.209,216.58.204.131,38372,80
1739466906.048191,350,216.58.205.42,10.9.21.209,443,49218
1739466906.048191,66,216.58.205.42,10.9.21.209,443,49218
1739466906.04848,78,10.9.21.209,216.58.205.42,49218,443
1739466906.048966,464,10.9.21.209,216.58.205.42,49218,443
1739466906.049392,130,10.9.21.209,142.251.143.170,43700,443
1739466906.04961,158,10.9.21.209,142.251.143.170,43700,443
1739466906.049625,556,10.9.21.209,142.251.143.170,43700,443
1739466906.076303,69,142.251.209.17,10.9.21.209,443,60708
1739466906.077794,767,216.58.204.131,10.9.21.209,80,38326
1739466906.078998,66,216.58.205.34,10.9.21.209,443,49182
1739466906.081872,130,10.9.21.209,216.58.205.42,38366,443
1739466906.082071,158,10.9.21.209,216.58.205.42,38366,443
1739466906.092966,682,142.251.209.17,10.9.21.209,443,48462
1739466906.09301,66,10.9.21.209,142.251.209.17,48462,443
1739466906.093593,97,10.9.21.209,142.251.209.17,48462,443
1739466906.093729,97,142.251.209.17,10.9.21.209,443,48462
1739466906.102973,72,216.58.205.42,10.9.21.209,443,49218
1739466906.103232,73,10.9.21.209,216.58.205.42,49218,443
1739466906.10642,682,142.251.143.170,10.9.21.209,443,43700
1739466906.106445,66,10.9.21.209,142.251.143.170,43700,443
1739466906.10642,97,142.251.143.170,10.9.21.209,443,43700
1739466906.106454,66,10.9.21.209,142.251.143.170,43700,443
1739466906.106794,97,10.9.21.209,142.251.143.170,43700,443
1739466906.125602,66,10.9.21.209,216.58.204.131,38326,80
1739466906.126165,242,216.58.205.42,10.9.21.209,443,49218
1739466906.126541,78,10.9.21.209,216.58.205.42,49218,443
1739466906.128411,80,216.58.205.42,10.9.21.209,443,49218
1739466906.128494,73,10.9.21.209,216.58.205.42,49218,443
1739466906.130181,286,142.251.143.170,10.9.21.209,443,43700
1739466906.130181,357,142.251.143.170,10.9.21.209,443,43700
1739466906.130181,97,142.251.143.170,10.9.21.209,443,43700
1739466906.130307,66,10.9.21.209,142.251.143.170,43700,443
1739466906.130346,105,10.9.21.209,142.251.143.170,43700,443
1739466906.130419,90,10.9.21.209,142.251.143.170,43700,443
1739466906.130432,66,10.9.21.209,142.251.143.170,43700,443
1739466906.132085,585,10.9.21.209,142.251.209.36,39496,443
1739466906.132152,77,10.9.21.209,142.251.209.36,39496,443
1739466906.132449,105,142.251.143.170,10.9.21.209,443,43700
1739466906.132473,54,10.9.21.209,142.251.143.170,43700,443
1739466906.135265,682,216.58.205.42,10.9.21.209,443,38366
1739466906.1353,66,10.9.21.209,216.58.205.42,38366,443
1739466906.135265,97,216.58.205.42,10.9.21.209,443,38366
1739466906.135317,66,10.9.21.209,216.58.205.42,38366,443
1739466906.135933,97,10.9.21.209,216.58.205.42,38366,443
1739466906.136846,66,10.9.21.209,142.251.209.17,48462,443
1739466906.146927,698,10.9.29.167,239.255.255.250,55206,3702
1739466906.151295,66,142.251.209.17,10.9.21.209,443,48462
1739466906.179818,73,216.58.205.42,10.9.21.209,443,49218
1739466906.185711,395,142.251.209.36,10.9.21.209,443,39496
1739466906.185712,73,142.251.209.36,10.9.21.209,443,39496
1739466906.185895,78,10.9.21.209,142.251.209.36,39496,443
1739466906.194533,66,216.58.205.42,10.9.21.209,443,38366
1739466906.199708,74,10.9.21.209,216.58.205.42,49218,443
1739466906.237199,919,10.9.21.209,142.251.209.36,39496,443
1739466906.263578,69,142.251.209.36,10.9.21.209,443,39496
1739466906.283545,693,10.9.21.209,142.251.209.36,39496,443
1739466906.285182,1032,10.9.21.209,142.251.209.36,39496,443
1739466906.290527,1294,10.9.21.209,142.251.209.36,39496,443
1739466906.290556,642,10.9.21.209,142.251.209.36,39496,443
1739466906.291087,1294,10.9.21.209,142.251.209.36,39496,443
1739466906.291102,182,10.9.21.209,142.251.209.36,39496,443
1739466906.29208,634,10.9.21.209,142.251.209.36,39496,443
1739466906.311348,281,142.251.209.36,10.9.21.209,443,39496
1739466906.311605,83,10.9.21.209,142.251.209.36,39496,443
1739466906.313627,66,142.251.209.36,10.9.21.209,443,39496
1739466906.333029,74,10.9.21.209,142.251.209.36,39496,443
1739466906.339369,73,142.251.209.36,10.9.21.209,443,39496
1739466906.343555,72,142.251.209.36,10.9.21.209,443,39496
1739466906.343787,73,10.9.21.209,142.251.209.36,39496,443
1739466906.345276,72,142.251.209.36,10.9.21.209,443,39496
1739466906.352005,552,10.9.22.29,224.0.0.251,5353,5353
1739466906.364892,78,142.251.209.36,10.9.21.209,443,39496
1739466906.365191,73,10.9.21.209,142.251.209.36,39496,443
1739466906.368644,337,142.251.209.36,10.9.21.209,443,39496
1739466906.368644,66,142.251.209.36,10.9.21.209,443,39496
1739466906.36889,78,10.9.21.209,142.251.209.36,39496,443
1739466906.375231,723,142.251.209.36,10.9.21.209,443,39496
1739466906.375431,73,10.9.21.209,142.251.209.36,39496,443
1739466906.377479,70,142.251.209.36,10.9.21.209,443,39496
1739466906.377549,73,10.9.21.209,142.251.209.36,39496,443
1739466906.378301,233,142.251.209.36,10.9.21.209,443,39496
1739466906.39766,74,10.9.21.209,142.251.209.36,39496,443
1739466906.428073,68,142.251.209.36,10.9.21.209,443,39496
1739466906.430909,1290,142.251.209.36,10.9.21.209,443,39496
1739466906.431143,73,10.9.21.209,142.251.209.36,39496,443
1739466906.434721,1294,142.251.209.36,10.9.21.209,443,39496
1739466906.434721,1294,142.251.209.36,10.9.21.209,443,39496
1739466906.434721,1294,142.251.209.36,10.9.21.209,443,39496
1739466906.434828,73,10.9.21.209,142.251.209.36,39496,443
1739466906.437742,1294,142.251.209.36,10.9.21.209,443,39496
1739466906.437742,1294,142.251.209.36,10.9.21.209,443,39496
1739466906.437821,73,10.9.21.209,142.251.209.36,39496,443
1739466906.440346,1294,142.251.209.36,10.9.21.209,443,39496
1739466906.440346,1294,142.251.209.36,10.9.21.209,443,39496
1739466906.440421,73,10.9.21.209,142.251.209.36,39496,443
1739466906.442198,1294,142.251.209.36,10.9.21.209,443,39496
1739466906.443928,1294,142.251.209.36,10.9.21.209,443,39496
1739466906.44398,73,10.9.21.209,142.251.209.36,39496,443
1739466906.447283,1294,142.251.209.36,10.9.21.209,443,39496
1739466906.447283,1294,142.251.209.36,10.9.21.209,443,39496
1739466906.447361,73,10.9.21.209,142.251.209.36,39496,443
1739466906.449355,1294,142.251.209.36,10.9.21.209,443,39496
1739466906.449355,1294,142.251.209.36,10.9.21.209,443,39496
1739466906.449427,73,10.9.21.209,142.251.209.36,39496,443
1739466906.450383,1294,142.251.209.36,10.9.21.209,443,39496
1739466906.452583,1294,142.251.209.36,10.9.21.209,443,39496
1739466906.452638,73,10.9.21.209,142.251.209.36,39496,443
1739466906.457738,1294,142.251.209.36,10.9.21.209,443,39496
1739466906.457738,1294,142.251.209.36,10.9.21.209,443,39496
1739466906.457738,1294,142.251.209.36,10.9.21.209,443,39496
1739466906.457863,73,10.9.21.209,142.251.209.36,39496,443
1739466906.45923,1294,142.251.209.36,10.9.21.209,443,39496
1739466906.45923,847,142.251.209.36,10.9.21.209,443,39496
1739466906.459295,73,10.9.21.209,142.251.209.36,39496,443
1739466906.509396,68,142.251.209.36,10.9.21.209,443,39496
1739466906.515263,1290,142.251.209.36,10.9.21.209,443,39496
1739466906.515263,1294,142.251.209.36,10.9.21.209,443,39496
1739466906.515263,1294,142.251.209.36,10.9.21.209,443,39496
1739466906.515263,1294,142.251.209.36,10.9.21.209,443,39496
1739466906.515263,1294,142.251.209.36,10.9.21.209,443,39496
1739466906.515263,1294,142.251.209.36,10.9.21.209,443,39496
1739466906.515263,1294,142.251.209.36,10.9.21.209,443,39496
1739466906.515263,1294,142.251.209.36,10.9.21.209,443,39496
1739466906.51528,1294,142.251.209.36,10.9.21.209,443,39496
1739466906.51528,1294,142.251.209.36,10.9.21.209,443,39496
1739466906.51528,1294,142.251.209.36,10.9.21.209,443,39496
1739466906.51528,1294,142.251.209.36,10.9.21.209,443,39496
1739466906.515432,79,10.9.21.209,142.251.209.36,39496,443
1739466906.517523,1294,142.251.209.36,10.9.21.209,443,39496
1739466906.517523,1294,142.251.209.36,10.9.21.209,443,39496
1739466906.517666,75,10.9.21.209,142.251.209.36,39496,443
1739466906.519695,1294,142.251.209.36,10.9.21.209,443,39496
1739466906.519695,1294,142.251.209.36,10.9.21.209,443,39496
1739466906.519777,75,10.9.21.209,142.251.209.36,39496,443
1739466906.523343,1294,142.251.209.36,10.9.21.209,443,39496
1739466906.523343,1294,142.251.209.36,10.9.21.209,443,39496
1739466906.523414,75,10.9.21.209,142.251.209.36,39496,443
1739466906.525001,1294,142.251.209.36,10.9.21.209,443,39496
1739466906.525001,1294,142.251.209.36,10.9.21.209,443,39496
1739466906.525069,75,10.9.21.209,142.251.209.36,39496,443
1739466906.527272,1294,142.251.209.36,10.9.21.209,443,39496
1739466906.527272,1294,142.251.209.36,10.9.21.209,443,39496
1739466906.527321,75,10.9.21.209,142.251.209.36,39496,443
1739466906.530115,1294,142.251.209.36,10.9.21.209,443,39496
1739466906.530115,1294,142.251.209.36,10.9.21.209,443,39496
1739466906.530168,75,10.9.21.209,142.251.209.36,39496,443
1739466906.533203,1294,142.251.209.36,10.9.21.209,443,39496
1739466906.533203,1294,142.251.209.36,10.9.21.209,443,39496
1739466906.533278,75,10.9.21.209,142.251.209.36,39496,443
1739466906.535787,1294,142.251.209.36,10.9.21.209,443,39496
1739466906.535787,1294,142.251.209.36,10.9.21.209,443,39496
1739466906.535842,75,10.9.21.209,142.251.209.36,39496,443
1739466906.537681,1294,142.251.209.36,10.9.21.209,443,39496
1739466906.537681,1294,142.251.209.36,10.9.21.209,443,39496
1739466906.537744,75,10.9.21.209,142.251.209.36,39496,443
1739466906.541249,1294,142.251.209.36,10.9.21.209,443,39496
1739466906.541249,1294,142.251.209.36,10.9.21.209,443,39496
1739466906.541301,75,10.9.21.209,142.251.209.36,39496,443
1739466906.544076,1294,142.251.209.36,10.9.21.209,443,39496
1739466906.544076,1294,142.251.209.36,10.9.21.209,443,39496
1739466906.544133,75,10.9.21.209,142.251.209.36,39496,443
1739466906.547431,1294,142.251.209.36,10.9.21.209,443,39496
1739466906.547432,1294,142.251.209.36,10.9.21.209,443,39496
1739466906.547521,75,10.9.21.209,142.251.209.36,39496,443
1739466906.548986,1294,142.251.209.36,10.9.21.209,443,39496
1739466906.548986,1294,142.251.209.36,10.9.21.209,443,39496
1739466906.549039,75,10.9.21.209,142.251.209.36,39496,443
1739466906.552522,1294,142.251.209.36,10.9.21.209,443,39496
1739466906.552522,1294,142.251.209.36,10.9.21.209,443,39496
1739466906.552588,75,10.9.21.209,142.251.209.36,39496,443
1739466906.554445,1294,142.251.209.36,10.9.21.209,443,39496
1739466906.554445,1294,142.251.209.36,10.9.21.209,443,39496
1739466906.554494,75,10.9.21.209,142.251.209.36,39496,443
1739466906.563173,1294,142.251.209.36,10.9.21.209,443,39496
1739466906.563173,1294,142.251.209.36,10.9.21.209,443,39496
1739466906.563173,1294,142.251.209.36,10.9.21.209,443,39496
1739466906.563173,1294,142.251.209.36,10.9.21.209,443,39496
1739466906.563173,1294,142.251.209.36,10.9.21.209,443,39496
1739466906.563173,1294,142.251.209.36,10.9.21.209,443,39496
1739466906.563244,75,10.9.21.209,142.251.209.36,39496,443
1739466906.565603,1294,142.251.209.36,10.9.21.209,443,39496
1739466906.565603,1294,142.251.209.36,10.9.21.209,443,39496
1739466906.565658,75,10.9.21.209,142.251.209.36,39496,443
1739466906.568437,1294,142.251.209.36,10.9.21.209,443,39496
1739466906.568438,1294,142.251.209.36,10.9.21.209,443,39496
1739466906.568494,75,10.9.21.209,142.251.209.36,39496,443
1739466906.570522,1294,142.251.209.36,10.9.21.209,443,39496
1739466906.570522,1294,142.251.209.36,10.9.21.209,443,39496
1739466906.57058,75,10.9.21.209,142.251.209.36,39496,443
1739466906.574192,1294,142.251.209.36,10.9.21.209,443,39496
1739466906.574192,1294,142.251.209.36,10.9.21.209,443,39496
1739466906.574277,75,10.9.21.209,142.251.209.36,39496,443
1739466906.576416,1294,142.251.209.36,10.9.21.209,443,39496
1739466906.576416,1294,142.251.209.36,10.9.21.209,443,39496
1739466906.576549,75,10.9.21.209,142.251.209.36,39496,443
1739466906.577714,1294,142.251.209.36,10.9.21.209,443,39496
1739466906.577714,1294,142.251.209.36,10.9.21.209,443,39496
1739466906.577785,75,10.9.21.209,142.251.209.36,39496,443
1739466906.579999,1294,142.251.209.36,10.9.21.209,443,39496
1739466906.579999,1294,142.251.209.36,10.9.21.209,443,39496
1739466906.580059,75,10.9.21.209,142.251.209.36,39496,443
1739466906.582913,1294,142.251.209.36,10.9.21.209,443,39496
1739466906.582914,1294,142.251.209.36,10.9.21.209,443,39496
1739466906.582979,75,10.9.21.209,142.251.209.36,39496,443
1739466906.584927,1294,142.251.209.36,10.9.21.209,443,39496
1739466906.584927,1294,142.251.209.36,10.9.21.209,443,39496
1739466906.585007,75,10.9.21.209,142.251.209.36,39496,443
1739466906.586003,1294,142.251.209.36,10.9.21.209,443,39496
1739466906.586003,1294,142.251.209.36,10.9.21.209,443,39496
1739466906.586054,75,10.9.21.209,142.251.209.36,39496,443
1739466906.58847,1294,142.251.209.36,10.9.21.209,443,39496
1739466906.58847,1294,142.251.209.36,10.9.21.209,443,39496
1739466906.58852,75,10.9.21.209,142.251.209.36,39496,443
1739466906.590473,1294,142.251.209.36,10.9.21.209,443,39496
1739466906.590474,1294,142.251.209.36,10.9.21.209,443,39496
1739466906.590656,75,10.9.21.209,142.251.209.36,39496,443
1739466906.594925,1294,142.251.209.36,10.9.21.209,443,39496
1739466906.594925,1294,142.251.209.36,10.9.21.209,443,39496
1739466906.594925,1294,142.251.209.36,10.9.21.209,443,39496
1739466906.594987,75,10.9.21.209,142.251.209.36,39496,443
1739466906.595171,1294,142.251.209.36,10.9.21.209,443,39496
1739466906.595171,1294,142.251.209.36,10.9.21.209,443,39496
1739466906.595171,1294,142.251.209.36,10.9.21.209,443,39496
1739466906.595212,75,10.9.21.209,142.251.209.36,39496,443
1739466906.600667,1294,142.251.209.36,10.9.21.209,443,39496
1739466906.600667,1294,142.251.209.36,10.9.21.209,443,39496
1739466906.600667,1294,142.251.209.36,10.9.21.209,443,39496
1739466906.600667,664,142.251.209.36,10.9.21.209,443,39496
1739466906.600742,75,10.9.21.209,142.251.209.36,39496,443
1739466906.652398,646,10.9.21.209,142.251.209.36,39496,443
1739466906.659736,1194,10.9.21.209,142.251.209.36,39496,443
1739466906.660637,627,10.9.21.209,142.251.209.36,39496,443
1739466906.665673,613,10.9.21.209,142.251.209.36,39496,443
1739466906.680246,1290,142.251.209.36,10.9.21.209,443,39496
1739466906.680246,1294,142.251.209.36,10.9.21.209,443,39496
1739466906.680246,1294,142.251.209.36,10.9.21.209,443,39496
1739466906.680246,1069,142.251.209.36,10.9.21.209,443,39496
1739466906.680246,133,142.251.209.36,10.9.21.209,443,39496
1739466906.680246,1289,142.251.209.36,10.9.21.209,443,39496
1739466906.680246,1294,142.251.209.36,10.9.21.209,443,39496
1739466906.680246,1294,142.251.209.36,10.9.21.209,443,39496
1739466906.680273,1294,142.251.209.36,10.9.21.209,443,39496
1739466906.680273,1294,142.251.209.36,10.9.21.209,443,39496
1739466906.680273,1294,142.251.209.36,10.9.21.209,443,39496
1739466906.680273,1294,142.251.209.36,10.9.21.209,443,39496
1739466906.680273,1294,142.251.209.36,10.9.21.209,443,39496
1739466906.680273,1294,142.251.209.36,10.9.21.209,443,39496
1739466906.680543,80,10.9.21.209,142.251.209.36,39496,443
1739466906.681622,681,10.9.21.209,142.251.209.36,39496,443
1739466906.682444,1294,142.251.209.36,10.9.21.209,443,39496
1739466906.682444,1294,142.251.209.36,10.9.21.209,443,39496
1739466906.682444,1294,142.251.209.36,10.9.21.209,443,39496
1739466906.682444,924,142.251.209.36,10.9.21.209,443,39496
1739466906.682529,75,10.9.21.209,142.251.209.36,39496,443
1739466906.683835,73,142.251.209.36,10.9.21.209,443,39496
1739466906.683835,172,142.251.209.36,10.9.21.209,443,39496
1739466906.683944,75,10.9.21.209,142.251.209.36,39496,443
1739466906.685499,86,10.9.21.209,172.16.0.232,47820,53
1739466906.685553,86,10.9.21.209,172.16.0.232,37000,53
1739466906.68901,102,172.16.0.232,10.9.21.209,53,47820
1739466906.690229,114,172.16.0.232,10.9.21.209,53,37000
1739466906.690881,1294,10.9.21.209,216.58.205.46,32771,443
1739466906.691027,1294,10.9.21.209,216.58.205.46,33950,443
1739466906.712926,75,142.251.209.36,10.9.21.209,443,39496
1739466906.719053,75,142.251.209.36,10.9.21.209,443,39496
1739466906.719106,75,10.9.21.209,142.251.209.36,39496,443
1739466906.726728,247,142.251.209.36,10.9.21.209,443,39496
1739466906.726728,67,142.251.209.36,10.9.21.209,443,39496
1739466906.726882,80,10.9.21.209,142.251.209.36,39496,443
1739466906.735263,74,142.251.209.36,10.9.21.209,443,39496
1739466906.739654,247,142.251.209.36,10.9.21.209,443,39496
1739466906.73978,85,10.9.21.209,142.251.209.36,39496,443
1739466906.740241,67,142.251.209.36,10.9.21.209,443,39496
1739466906.744659,1294,216.58.205.46,10.9.21.209,443,32771
1739466906.744954,82,10.9.21.209,216.58.205.46,32771,443
1739466906.748605,1294,216.58.205.46,10.9.21.209,443,33950
1739466906.748838,82,10.9.21.209,216.58.205.46,33950,443
1739466906.753417,247,142.251.209.36,10.9.21.209,443,39496
1739466906.75367,85,10.9.21.209,142.251.209.36,39496,443
1739466906.753928,67,142.251.209.36,10.9.21.209,443,39496
1739466906.756073,1290,142.251.209.36,10.9.21.209,443,39496
1739466906.756073,1294,142.251.209.36,10.9.21.209,443,39496
1739466906.756073,1294,142.251.209.36,10.9.21.209,443,39496
1739466906.756073,1261,142.251.209.36,10.9.21.209,443,39496
1739466906.756215,80,10.9.21.209,142.251.209.36,39496,443
1739466906.756833,1294,142.251.209.36,10.9.21.209,443,39496
1739466906.756833,553,142.251.209.36,10.9.21.209,443,39496
1739466906.7569,75,10.9.21.209,142.251.209.36,39496,443
1739466906.758879,563,10.9.21.209,142.251.209.36,39496,443
1739466906.758916,77,10.9.21.209,142.251.209.36,39496,443
1739466906.760062,1294,216.58.205.46,10.9.21.209,443,32771
1739466906.760107,84,10.9.21.209,216.58.205.46,32771,443
1739466906.760545,1294,216.58.205.46,10.9.21.209,443,32771
1739466906.760569,84,10.9.21.209,216.58.205.46,32771,443
1739466906.762776,698,10.9.29.167,239.255.255.250,55206,3702
1739466906.763749,56,10.9.28.50,224.0.0.22,Unknown,Unknown
1739466906.766358,1294,216.58.205.46,10.9.21.209,443,33950
1739466906.766358,1294,216.58.205.46,10.9.21.209,443,33950
1739466906.766475,84,10.9.21.209,216.58.205.46,33950,443
1739466906.778939,1290,142.251.209.36,10.9.21.209,443,39496
1739466906.778939,1294,142.251.209.36,10.9.21.209,443,39496
1739466906.778939,1294,142.251.209.36,10.9.21.209,443,39496
1739466906.778939,1294,142.251.209.36,10.9.21.209,443,39496
1739466906.779119,80,10.9.21.209,142.251.209.36,39496,443
1739466906.781048,1294,142.251.209.36,10.9.21.209,443,39496
1739466906.781048,1294,142.251.209.36,10.9.21.209,443,39496
1739466906.781048,1294,142.251.209.36,10.9.21.209,443,39496
1739466906.781048,1294,142.251.209.36,10.9.21.209,443,39496
1739466906.781048,1294,142.251.209.36,10.9.21.209,443,39496
1739466906.781048,1294,142.251.209.36,10.9.21.209,443,39496
1739466906.78115,75,10.9.21.209,142.251.209.36,39496,443
1739466906.78291,1294,142.251.209.36,10.9.21.209,443,39496
1739466906.78291,1294,142.251.209.36,10.9.21.209,443,39496
1739466906.78291,1294,142.251.209.36,10.9.21.209,443,39496
1739466906.78291,1294,142.251.209.36,10.9.21.209,443,39496
1739466906.78291,1294,142.251.209.36,10.9.21.209,443,39496
1739466906.78291,1294,142.251.209.36,10.9.21.209,443,39496
1739466906.782973,75,10.9.21.209,142.251.209.36,39496,443
1739466906.783159,1294,142.251.209.36,10.9.21.209,443,39496
1739466906.783159,1294,142.251.209.36,10.9.21.209,443,39496
1739466906.783234,75,10.9.21.209,142.251.209.36,39496,443
1739466906.7856,1294,142.251.209.36,10.9.21.209,443,39496
1739466906.785601,1294,142.251.209.36,10.9.21.209,443,39496
1739466906.785601,690,142.251.209.36,10.9.21.209,443,39496
1739466906.785746,75,10.9.21.209,142.251.209.36,39496,443
1739466906.786132,74,10.9.21.209,216.58.205.46,59822,443
1739466906.791653,926,10.9.21.209,142.251.209.36,39496,443
1739466906.791741,79,10.9.21.209,142.251.209.36,39496,443
1739466906.793017,75,142.251.209.36,10.9.21.209,443,39496
1739466906.794602,932,10.9.21.209,142.251.209.36,39496,443
1739466906.794799,79,10.9.21.209,142.251.209.36,39496,443
1739466906.796195,691,10.9.21.209,142.251.209.36,39496,443
1739466906.79773,1294,10.9.21.209,142.251.209.36,39496,443
1739466906.797754,690,10.9.21.209,142.251.209.36,39496,443
1739466906.800081,1294,216.58.205.46,10.9.21.209,443,32771
1739466906.800081,1294,216.58.205.46,10.9.21.209,443,32771
1739466906.800081,1294,216.58.205.46,10.9.21.209,443,32771
1739466906.800081,683,216.58.205.46,10.9.21.209,443,32771
1739466906.800465,84,10.9.21.209,216.58.205.46,32771,443
1739466906.800936,173,10.9.21.209,216.58.205.46,32771,443
1739466906.800945,109,10.9.21.209,216.58.205.46,32771,443
1739466906.806275,1294,216.58.205.46,10.9.21.209,443,33950
1739466906.806275,1294,216.58.205.46,10.9.21.209,443,33950
1739466906.806275,1294,216.58.205.46,10.9.21.209,443,33950
1739466906.806275,678,216.58.205.46,10.9.21.209,443,33950
1739466906.806275,75,142.251.209.36,10.9.21.209,443,39496
1739466906.806331,75,10.9.21.209,142.251.209.36,39496,443
1739466906.806644,84,10.9.21.209,216.58.205.46,33950,443
1739466906.807015,173,10.9.21.209,216.58.205.46,33950,443
1739466906.807029,112,10.9.21.209,216.58.205.46,33950,443
1739466906.80717,350,10.9.21.209,216.58.205.46,33950,443
1739466906.813042,399,142.251.209.36,10.9.21.209,443,39496
1739466906.813042,75,142.251.209.36,10.9.21.209,443,39496
1739466906.81324,80,10.9.21.209,142.251.209.36,39496,443
1739466906.84011,74,216.58.205.46,10.9.21.209,443,59822
1739466906.840134,66,10.9.21.209,216.58.205.46,59822,443
1739466906.840509,1966,10.9.21.209,216.58.205.46,59822,443
1739466906.844879,74,142.251.209.36,10.9.21.209,443,39496
1739466906.844879,76,142.251.209.36,10.9.21.209,443,39496
1739466906.845016,75,10.9.21.209,142.251.209.36,39496,443
1739466906.849196,81,142.251.209.36,10.9.21.209,443,39496
1739466906.850813,74,142.251.209.36,10.9.21.209,443,39496
1739466906.850904,75,10.9.21.209,142.251.209.36,39496,443
1739466906.854648,658,216.58.205.46,10.9.21.209,443,32771
1739466906.854648,166,216.58.205.46,10.9.21.209,443,32771
1739466906.855077,73,10.9.21.209,216.58.205.46,32771,443
1739466906.855174,68,216.58.205.46,10.9.21.209,443,32771
1739466906.861322,658,216.58.205.46,10.9.21.209,443,33950
1739466906.861322,166,216.58.205.46,10.9.21.209,443,33950
1739466906.861322,68,216.58.205.46,10.9.21.209,443,33950
1739466906.861628,73,10.9.21.209,216.58.205.46,33950,443
1739466906.869895,260,142.251.209.36,10.9.21.209,443,39496
1739466906.869895,68,142.251.209.36,10.9.21.209,443,39496
1739466906.870125,80,10.9.21.209,142.251.209.36,39496,443
1739466906.889016,73,216.58.205.46,10.9.21.209,443,33950
1739466906.894946,66,216.58.205.46,10.9.21.209,443,59822
1739466906.894946,66,216.58.205.46,10.9.21.209,443,59822
1739466906.902011,312,216.58.205.46,10.9.21.209,443,33950
1739466906.902282,83,10.9.21.209,216.58.205.46,33950,443
1739466906.902679,920,10.9.21.209,216.58.205.46,32771,443
1739466906.903872,66,216.58.205.46,10.9.21.209,443,33950
1739466906.919064,2802,216.58.205.46,10.9.21.209,443,59822
1739466906.919086,66,10.9.21.209,216.58.205.46,59822,443
1739466906.919064,2802,216.58.205.46,10.9.21.209,443,59822
1739466906.919106,66,10.9.21.209,216.58.205.46,59822,443
1739466906.919064,2266,216.58.205.46,10.9.21.209,443,59822
1739466906.91911,66,10.9.21.209,216.58.205.46,59822,443
1739466906.920078,501,10.9.21.209,216.58.204.131,38330,80
1739466906.923589,74,10.9.21.209,216.58.205.46,33950,443
1739466906.937368,71,142.251.209.36,10.9.21.209,443,39496
1739466906.956167,73,216.58.205.46,10.9.21.209,443,33950
1739466906.966102,56,10.9.28.50,224.0.0.22,Unknown,Unknown
1739466906.973109,66,216.58.204.131,10.9.21.209,80,38330
1739466906.975788,74,10.9.21.209,216.58.205.46,33950,443
1739466906.981152,73,216.58.205.46,10.9.21.209,443,32771
1739466906.981261,73,10.9.21.209,216.58.205.46,32771,443
1739466906.988292,201,142.251.209.36,10.9.21.209,443,39496
1739466906.988511,80,10.9.21.209,142.251.209.36,39496,443
1739466906.997512,1288,142.251.209.36,10.9.21.209,443,39496
1739466906.998333,1294,142.251.209.36,10.9.21.209,443,39496
1739466906.998333,1294,142.251.209.36,10.9.21.209,443,39496
1739466906.998333,1294,142.251.209.36,10.9.21.209,443,39496
1739466906.998414,75,10.9.21.209,142.251.209.36,39496,443
1739466906.99985,1294,142.251.209.36,10.9.21.209,443,39496
1739466906.99985,1294,142.251.209.36,10.9.21.209,443,39496
1739466906.99985,1294,142.251.209.36,10.9.21.209,443,39496
1739466906.99985,1294,142.251.209.36,10.9.21.209,443,39496
1739466906.99985,1294,142.251.209.36,10.9.21.209,443,39496
1739466906.99985,1294,142.251.209.36,10.9.21.209,443,39496
1739466906.99985,1294,142.251.209.36,10.9.21.209,443,39496
1739466906.999851,1294,142.251.209.36,10.9.21.209,443,39496
1739466906.999862,854,142.251.209.36,10.9.21.209,443,39496
1739466906.999941,75,10.9.21.209,142.251.209.36,39496,443
1739466907.00231,1288,142.251.209.36,10.9.21.209,443,39496
1739466907.003174,1294,142.251.209.36,10.9.21.209,443,39496
1739466907.003174,1294,142.251.209.36,10.9.21.209,443,39496
1739466907.003253,75,10.9.21.209,142.251.209.36,39496,443
1739466907.004413,1294,142.251.209.36,10.9.21.209,443,39496
1739466907.004413,1294,142.251.209.36,10.9.21.209,443,39496
1739466907.004413,1294,142.251.209.36,10.9.21.209,443,39496
1739466907.004413,1294,142.251.209.36,10.9.21.209,443,39496
1739466907.004413,1294,142.251.209.36,10.9.21.209,443,39496
1739466907.004413,1294,142.251.209.36,10.9.21.209,443,39496
1739466907.004413,1294,142.251.209.36,10.9.21.209,443,39496
1739466907.004413,1294,142.251.209.36,10.9.21.209,443,39496
1739466907.004425,1294,142.251.209.36,10.9.21.209,443,39496
1739466907.004425,484,142.251.209.36,10.9.21.209,443,39496
1739466907.004425,404,216.58.205.46,10.9.21.209,443,32771
1739466907.004492,75,10.9.21.209,142.251.209.36,39496,443
1739466907.004613,78,10.9.21.209,216.58.205.46,32771,443
1739466907.005771,155,216.58.205.46,10.9.21.209,443,32771
1739466907.00582,73,10.9.21.209,216.58.205.46,32771,443
1739466907.008215,74,142.251.209.36,10.9.21.209,443,39496
1739466907.008216,184,142.251.209.36,10.9.21.209,443,39496
1739466907.00828,75,10.9.21.209,142.251.209.36,39496,443
1739466907.012884,669,10.9.21.209,142.251.209.36,39496,443
1739466907.021139,1294,10.9.21.209,142.251.209.3,45536,443
1739466907.055765,71,142.251.209.36,10.9.21.209,443,39496
1739466907.057973,74,216.58.205.46,10.9.21.209,443,32771
1739466907.068822,132,10.9.22.29,224.0.0.251,5353,5353
1739466907.07566,1294,142.251.209.3,10.9.21.209,443,45536
1739466907.07617,82,10.9.21.209,142.251.209.3,45536,443
1739466907.077179,74,10.9.21.209,216.58.205.46,32771,443
1739466907.078632,75,142.251.209.36,10.9.21.209,443,39496
1739466907.07874,75,10.9.21.209,142.251.209.36,39496,443
1739466907.079903,767,216.58.204.131,10.9.21.209,80,38330
1739466907.079918,66,10.9.21.209,216.58.204.131,38330,80
1739466907.080351,130,10.9.21.209,216.58.205.46,59822,443
1739466907.080556,158,10.9.21.209,216.58.205.46,59822,443
1739466907.085188,250,142.251.209.36,10.9.21.209,443,39496
1739466907.085188,68,142.251.209.36,10.9.21.209,443,39496
1739466907.0853,80,10.9.21.209,142.251.209.36,39496,443
1739466907.090616,1294,142.251.209.3,10.9.21.209,443,45536
1739466907.090616,1294,142.251.209.3,10.9.21.209,443,45536
1739466907.090682,84,10.9.21.209,142.251.209.3,45536,443
1739466907.121455,922,10.9.21.209,142.251.209.36,39496,443
1739466907.121632,79,10.9.21.209,142.251.209.36,39496,443
1739466907.128924,1294,142.251.209.3,10.9.21.209,443,45536
1739466907.128925,655,142.251.209.3,10.9.21.209,443,45536
1739466907.129318,84,10.9.21.209,142.251.209.3,45536,443
1739466907.129691,173,10.9.21.209,142.251.209.3,45536,443
1739466907.129703,113,10.9.21.209,142.251.209.3,45536,443
1739466907.134075,682,216.58.205.46,10.9.21.209,443,59822
1739466907.13409,66,10.9.21.209,216.58.205.46,59822,443
1739466907.134075,97,216.58.205.46,10.9.21.209,443,59822
1739466907.134108,66,10.9.21.209,216.58.205.46,59822,443
1739466907.134288,97,10.9.21.209,216.58.205.46,59822,443
1739466907.144711,640,10.9.21.209,142.251.209.36,39496,443
1739466907.152419,71,142.251.209.36,10.9.21.209,443,39496
1739466907.162516,961,10.9.20.88,224.0.0.251,5353,5353
1739466907.175775,858,142.251.209.36,10.9.21.209,443,39496
1739466907.175775,77,142.251.209.36,10.9.21.209,443,39496
1739466907.175912,80,10.9.21.209,142.251.209.36,39496,443
1739466907.183443,658,142.251.209.3,10.9.21.209,443,45536
1739466907.183443,166,142.251.209.3,10.9.21.209,443,45536
1739466907.183443,68,142.251.209.3,10.9.21.209,443,45536
1739466907.183761,73,10.9.21.209,142.251.209.3,45536,443
1739466907.192999,66,216.58.205.46,10.9.21.209,443,59822
1739466907.21068,75,142.251.209.36,10.9.21.209,443,39496
1739466907.217642,254,142.251.209.36,10.9.21.209,443,39496
1739466907.217643,68,142.251.209.36,10.9.21.209,443,39496
1739466907.217844,80,10.9.21.209,142.251.209.36,39496,443
1739466907.241948,71,142.251.209.36,10.9.21.209,443,39496
1739466907.283983,71,142.251.209.36,10.9.21.209,443,39496
1739466907.375601,56,10.9.20.27,224.0.0.22,Unknown,Unknown
1739466907.376071,56,10.9.20.27,224.0.0.22,Unknown,Unknown
1739466907.376636,56,10.9.20.27,224.0.0.22,Unknown,Unknown
1739466907.376795,56,10.9.20.27,224.0.0.22,Unknown,Unknown
1739466907.78629,56,10.9.28.50,224.0.0.22,Unknown,Unknown
1739466907.990197,56,10.9.28.50,224.0.0.22,Unknown,Unknown
1739466908.093253,698,10.9.29.167,239.255.255.250,55206,3702
1739466908.194976,56,10.9.18.50,224.0.0.22,Unknown,Unknown
1739466908.196925,297,10.9.16.224,224.0.0.251,5353,5353
1739466908.196925,86,10.9.16.224,224.0.0.251,5353,5353
1739466908.197725,86,10.9.13.32,224.0.0.251,50914,5353
1739466908.198123,86,10.9.13.32,224.0.0.251,50914,5353
1739466908.50473,86,10.9.16.224,224.0.0.251,5353,5353
1739466908.707019,81,10.9.22.149,224.0.0.251,5353,5353
1739466908.707386,56,10.9.27.87,224.0.0.22,Unknown,Unknown
1739466908.80921,342,0.0.0.0,255.255.255.255,68,67
1739466908.810413,86,10.9.16.224,224.0.0.251,5353,5353
1739466909.014728,355,10.9.16.224,224.0.0.251,5353,5353
1739466909.015406,298,10.9.16.224,224.0.0.251,5353,5353
1739466909.016512,56,10.9.27.255,224.0.0.22,Unknown,Unknown
1739466909.218922,56,10.9.18.50,224.0.0.22,Unknown,Unknown
1739466909.833596,342,0.0.0.0,255.255.255.255,68,67
1739466909.834364,56,10.9.20.128,224.0.0.251,Unknown,Unknown
1739466909.935791,56,10.9.27.87,224.0.0.22,Unknown,Unknown
1739466910.140895,698,10.9.29.167,239.255.255.250,55206,3702
1739466910.345131,56,10.9.17.28,224.0.0.22,Unknown,Unknown
1739466910.448403,56,10.9.27.255,224.0.0.22,Unknown,Unknown
1739466910.554083,154,10.9.17.28,224.0.0.251,5353,5353
1739466910.960126,56,10.9.22.163,224.0.0.22,Unknown,Unknown
1739466911.101253,66,10.9.21.209,34.107.221.82,57408,80
1739466911.153887,1294,10.9.21.209,142.251.209.36,39496,443
1739466911.153935,661,10.9.21.209,142.251.209.36,39496,443
1739466911.156268,66,34.107.221.82,10.9.21.209,80,57408
1739466911.221452,75,142.251.209.36,10.9.21.209,443,39496
1739466911.221703,75,10.9.21.209,142.251.209.36,39496,443
1739466911.231889,279,142.251.209.36,10.9.21.209,443,39496
1739466911.232203,80,10.9.21.209,142.251.209.36,39496,443
1739466911.233245,68,142.251.209.36,10.9.21.209,443,39496
1739466911.23333,75,10.9.21.209,142.251.209.36,39496,443
1739466911.264964,66,10.9.21.209,128.139.199.8,37028,80
1739466911.269966,66,128.139.199.8,10.9.21.209,80,37028
1739466911.285218,76,142.251.209.36,10.9.21.209,443,39496
1739466911.304608,76,10.9.21.209,142.251.209.36,39496,443
1739466911.313745,66,10.9.21.209,34.107.221.82,57420,80
1739466911.356831,66,10.9.21.209,128.139.199.8,37032,80
1739466911.361342,66,128.139.199.8,10.9.21.209,80,37032
1739466911.366791,66,34.107.221.82,10.9.21.209,80,57420
1739466911.882807,103,10.9.27.173,224.0.0.251,5353,5353
1739466911.883116,56,10.9.23.209,224.0.0.22,Unknown,Unknown
1739466912.087791,56,10.9.27.182,224.0.0.251,Unknown,Unknown
1739466912.087791,139,10.9.23.209,224.0.0.251,5353,5353
1739466912.088115,698,10.9.29.167,239.255.255.250,55206,3702
1739466912.128115,423,10.9.20.88,10.9.23.209,5353,5353
1739466912.188878,56,10.9.18.50,224.0.0.22,Unknown,Unknown
1739466912.189255,56,10.9.21.27,224.0.0.22,Unknown,Unknown
1739466912.291858,56,10.9.21.27,224.0.0.22,Unknown,Unknown
1739466912.292181,56,10.9.21.27,224.0.0.22,Unknown,Unknown
1739466912.29244,56,10.9.21.27,224.0.0.22,Unknown,Unknown
1739466912.393736,261,10.9.23.209,224.0.0.251,5353,5353
1739466912.444826,66,10.9.21.209,23.40.158.218,50602,80
